Fitter report for bitcoin_hash
Fri Sep 11 12:56:56 2026
Quartus Prime Version 21.1.1 Build 850 06/23/2022 SJ Lite Edition


---------------------
; Table of Contents ;
---------------------
  1. Legal Notice
  2. Fitter Summary
  3. Fitter Settings
  4. Parallel Compilation
  5. Fitter Netlist Optimizations
  6. Incremental Compilation Preservation Summary
  7. Incremental Compilation Partition Settings
  8. Incremental Compilation Placement Preservation
  9. Pin-Out File
 10. Fitter Resource Usage Summary
 11. Fitter Partition Statistics
 12. Input Pins
 13. Output Pins
 14. Dual Purpose and Dedicated Pins
 15. I/O Bank Usage
 16. All Package Pins
 17. I/O Assignment Warnings
 18. Fitter Resource Utilization by Entity
 19. Delay Chain Summary
 20. Pad To Core Delay Chain Fanout
 21. Control Signals
 22. Global & Other Fast Signals
 23. Non-Global High Fan-Out Signals
 24. Routing Usage Summary
 25. LAB Logic Elements
 26. LAB-wide Signals
 27. LAB Signals Sourced
 28. LAB Signals Sourced Out
 29. LAB Distinct Inputs
 30. I/O Rules Summary
 31. I/O Rules Details
 32. I/O Rules Matrix
 33. Fitter Device Options
 34. Operating Settings and Conditions
 35. Fitter Messages
 36. Fitter Suppressed Messages



----------------
; Legal Notice ;
----------------
Copyright (C) 2022  Intel Corporation. All rights reserved.
Your use of Intel Corporation's design tools, logic functions 
and other software and tools, and any partner logic 
functions, and any output files from any of the foregoing 
(including device programming or simulation files), and any 
associated documentation or information are expressly subject 
to the terms and conditions of the Intel Program License 
Subscription Agreement, the Intel Quartus Prime License Agreement,
the Intel FPGA IP License Agreement, or other applicable license
agreement, including, without limitation, that your use is for
the sole purpose of programming logic devices manufactured by
Intel and sold by Intel or its authorized distributors.  Please
refer to the applicable agreement for further details, at
https://fpgasoftware.intel.com/eula.



+---------------------------------------------------------------------------------+
; Fitter Summary                                                                  ;
+-----------------------------------+---------------------------------------------+
; Fitter Status                     ; Successful - Fri Sep 11 12:56:55 2026       ;
; Quartus Prime Version             ; 21.1.1 Build 850 06/23/2022 SJ Lite Edition ;
; Revision Name                     ; bitcoin_hash                                ;
; Top-level Entity Name             ; bitcoin_hash                                ;
; Family                            ; Arria II GX                                 ;
; Device                            ; EP2AGX45DF29I5                              ;
; Timing Models                     ; Final                                       ;
; Logic utilization                 ; 86 %                                        ;
;     Combinational ALUTs           ; 15,857 / 36,100 ( 44 % )                    ;
;     Memory ALUTs                  ; 0 / 18,050 ( 0 % )                          ;
;     Dedicated logic registers     ; 16,364 / 36,100 ( 45 % )                    ;
; Total registers                   ; 16364                                       ;
; Total pins                        ; 118 / 404 ( 29 % )                          ;
; Total virtual pins                ; 0                                           ;
; Total block memory bits           ; 0 / 2,939,904 ( 0 % )                       ;
; DSP block 18-bit elements         ; 0 / 232 ( 0 % )                             ;
; Total GXB Receiver Channel PCS    ; 0 / 8 ( 0 % )                               ;
; Total GXB Receiver Channel PMA    ; 0 / 8 ( 0 % )                               ;
; Total GXB Transmitter Channel PCS ; 0 / 8 ( 0 % )                               ;
; Total GXB Transmitter Channel PMA ; 0 / 8 ( 0 % )                               ;
; Total PLLs                        ; 0 / 4 ( 0 % )                               ;
; Total DLLs                        ; 0 / 2 ( 0 % )                               ;
+-----------------------------------+---------------------------------------------+


+----------------------------------------------------------------------------------------------------------------------------------------------------+
; Fitter Settings                                                                                                                                    ;
+--------------------------------------------------------------------+---------------------------------------+---------------------------------------+
; Option                                                             ; Setting                               ; Default Value                         ;
+--------------------------------------------------------------------+---------------------------------------+---------------------------------------+
; Device                                                             ; EP2AGX45DF29I5                        ;                                       ;
; Minimum Core Junction Temperature                                  ; -40                                   ;                                       ;
; Maximum Core Junction Temperature                                  ; 100                                   ;                                       ;
; Fit Attempts to Skip                                               ; 0                                     ; 0.0                                   ;
; Use smart compilation                                              ; Off                                   ; Off                                   ;
; Enable parallel Assembler and Timing Analyzer during compilation   ; On                                    ; On                                    ;
; Enable compact report table                                        ; Off                                   ; Off                                   ;
; Auto Merge PLLs                                                    ; On                                    ; On                                    ;
; Router Timing Optimization Level                                   ; Normal                                ; Normal                                ;
; Perform Clocking Topology Analysis During Routing                  ; Off                                   ; Off                                   ;
; Placement Effort Multiplier                                        ; 1.0                                   ; 1.0                                   ;
; Router Effort Multiplier                                           ; 1.0                                   ; 1.0                                   ;
; Optimize Hold Timing                                               ; All Paths                             ; All Paths                             ;
; Optimize Multi-Corner Timing                                       ; On                                    ; On                                    ;
; Auto RAM to MLAB Conversion                                        ; On                                    ; On                                    ;
; Equivalent RAM and MLAB Power Up                                   ; Auto                                  ; Auto                                  ;
; Equivalent RAM and MLAB Paused Read Capabilities                   ; Care                                  ; Care                                  ;
; Power Optimization During Fitting                                  ; Normal compilation                    ; Normal compilation                    ;
; SSN Optimization                                                   ; Off                                   ; Off                                   ;
; Optimize Timing                                                    ; Normal compilation                    ; Normal compilation                    ;
; Optimize Timing for ECOs                                           ; Off                                   ; Off                                   ;
; Regenerate Full Fit Report During ECO Compiles                     ; Off                                   ; Off                                   ;
; Optimize IOC Register Placement for Timing                         ; Normal                                ; Normal                                ;
; Limit to One Fitting Attempt                                       ; Off                                   ; Off                                   ;
; Final Placement Optimizations                                      ; Automatically                         ; Automatically                         ;
; Fitter Aggressive Routability Optimizations                        ; Automatically                         ; Automatically                         ;
; Fitter Initial Placement Seed                                      ; 1                                     ; 1                                     ;
; Periphery to Core Placement and Routing Optimization               ; Off                                   ; Off                                   ;
; Weak Pull-Up Resistor                                              ; Off                                   ; Off                                   ;
; Enable Bus-Hold Circuitry                                          ; Off                                   ; Off                                   ;
; Auto Packed Registers                                              ; Auto                                  ; Auto                                  ;
; Auto Delay Chains                                                  ; On                                    ; On                                    ;
; Auto Delay Chains for High Fanout Input Pins                       ; Off                                   ; Off                                   ;
; Allow Single-ended Buffer for Differential-XSTL Input              ; Off                                   ; Off                                   ;
; Treat Bidirectional Pin as Output Pin                              ; Off                                   ; Off                                   ;
; Perform Physical Synthesis for Combinational Logic for Fitting     ; Off                                   ; Off                                   ;
; Perform Physical Synthesis for Combinational Logic for Performance ; Off                                   ; Off                                   ;
; Perform Register Duplication for Performance                       ; Off                                   ; Off                                   ;
; Perform Logic to Memory Mapping for Fitting                        ; Off                                   ; Off                                   ;
; Perform Register Retiming for Performance                          ; Off                                   ; Off                                   ;
; Perform Asynchronous Signal Pipelining                             ; Off                                   ; Off                                   ;
; Fitter Effort                                                      ; Auto Fit                              ; Auto Fit                              ;
; Physical Synthesis Effort Level                                    ; Normal                                ; Normal                                ;
; Logic Cell Insertion - Logic Duplication                           ; Auto                                  ; Auto                                  ;
; Auto Register Duplication                                          ; Auto                                  ; Auto                                  ;
; Auto Global Clock                                                  ; On                                    ; On                                    ;
; Auto Global Register Control Signals                               ; On                                    ; On                                    ;
; Generate GXB Reconfig MIF                                          ; Off                                   ; Off                                   ;
; Reserve all unused pins                                            ; As input tri-stated with weak pull-up ; As input tri-stated with weak pull-up ;
; Synchronizer Identification                                        ; Auto                                  ; Auto                                  ;
; Enable Beneficial Skew Optimization                                ; On                                    ; On                                    ;
; Optimize Design for Metastability                                  ; On                                    ; On                                    ;
; Active Serial clock source                                         ; FREQ_40MHz                            ; FREQ_40MHz                            ;
; Force Fitter to Avoid Periphery Placement Warnings                 ; Off                                   ; Off                                   ;
; Clamping Diode                                                     ; Off                                   ; Off                                   ;
; Enable input tri-state on active configuration pins in user mode   ; Off                                   ; Off                                   ;
+--------------------------------------------------------------------+---------------------------------------+---------------------------------------+


+------------------------------------------+
; Parallel Compilation                     ;
+----------------------------+-------------+
; Processors                 ; Number      ;
+----------------------------+-------------+
; Number detected on machine ; 4           ;
; Maximum allowed            ; 2           ;
;                            ;             ;
; Average used               ; 1.03        ;
; Maximum used               ; 2           ;
;                            ;             ;
; Usage by Processor         ; % Time Used ;
;     Processor 1            ; 100.0%      ;
;     Processor 2            ;   3.1%      ;
+----------------------------+-------------+


+------------------------------------------------------------------------------------------------------------------------------------------------------------------------------------------------------------------------------------------------------------------------------------+
; Fitter Netlist Optimizations                                                                                                                                                                                                                                                       ;
+---------------------------------------------------+------------+---------------------------------------------------+--------------------------+-----------+----------------+------------------------------------------------------------+------------------+-----------------------+
; Node                                              ; Action     ; Operation                                         ; Reason                   ; Node Port ; Node Port Name ; Destination Node                                           ; Destination Port ; Destination Port Name ;
+---------------------------------------------------+------------+---------------------------------------------------+--------------------------+-----------+----------------+------------------------------------------------------------+------------------+-----------------------+
; bitcoin_sha:multiple_ph_2[0].inst_ph_2|WideOr5~0  ; Duplicated ; Router Logic Cell Insertion and Logic Duplication ; Routability optimization ;           ;                ; bitcoin_sha:multiple_ph_2[0].inst_ph_2|WideOr5~0DUPLICATE  ;                  ;                       ;
; bitcoin_sha:multiple_ph_2[0].inst_ph_2|WideOr21~0 ; Duplicated ; Router Logic Cell Insertion and Logic Duplication ; Routability optimization ;           ;                ; bitcoin_sha:multiple_ph_2[0].inst_ph_2|WideOr21~0DUPLICATE ;                  ;                       ;
; bitcoin_sha:multiple_ph_2[0].inst_ph_2|WideOr22~0 ; Duplicated ; Router Logic Cell Insertion and Logic Duplication ; Routability optimization ;           ;                ; bitcoin_sha:multiple_ph_2[0].inst_ph_2|WideOr22~0DUPLICATE ;                  ;                       ;
; bitcoin_sha:multiple_ph_2[0].inst_ph_2|WideOr23~0 ; Duplicated ; Router Logic Cell Insertion and Logic Duplication ; Routability optimization ;           ;                ; bitcoin_sha:multiple_ph_2[0].inst_ph_2|WideOr23~0DUPLICATE ;                  ;                       ;
; bitcoin_sha:multiple_ph_2[0].inst_ph_2|WideOr26~0 ; Duplicated ; Router Logic Cell Insertion and Logic Duplication ; Routability optimization ;           ;                ; bitcoin_sha:multiple_ph_2[0].inst_ph_2|WideOr26~0DUPLICATE ;                  ;                       ;
; bitcoin_sha:multiple_ph_2[0].inst_ph_2|WideOr27~0 ; Duplicated ; Router Logic Cell Insertion and Logic Duplication ; Routability optimization ;           ;                ; bitcoin_sha:multiple_ph_2[0].inst_ph_2|WideOr27~0DUPLICATE ;                  ;                       ;
; bitcoin_sha:multiple_ph_2[0].inst_ph_2|WideOr28~0 ; Duplicated ; Router Logic Cell Insertion and Logic Duplication ; Routability optimization ;           ;                ; bitcoin_sha:multiple_ph_2[0].inst_ph_2|WideOr28~0DUPLICATE ;                  ;                       ;
; bitcoin_sha:multiple_ph_2[0].inst_ph_2|WideOr29~0 ; Duplicated ; Router Logic Cell Insertion and Logic Duplication ; Routability optimization ;           ;                ; bitcoin_sha:multiple_ph_2[0].inst_ph_2|WideOr29~0DUPLICATE ;                  ;                       ;
; bitcoin_sha:multiple_ph_2[0].inst_ph_2|WideOr31~0 ; Duplicated ; Router Logic Cell Insertion and Logic Duplication ; Routability optimization ;           ;                ; bitcoin_sha:multiple_ph_2[0].inst_ph_2|WideOr31~0DUPLICATE ;                  ;                       ;
; bitcoin_sha:multiple_ph_3[0].inst_ph_3|WideOr27~0 ; Duplicated ; Router Logic Cell Insertion and Logic Duplication ; Routability optimization ;           ;                ; bitcoin_sha:multiple_ph_3[0].inst_ph_3|WideOr27~0DUPLICATE ;                  ;                       ;
; bitcoin_sha:multiple_ph_3[0].inst_ph_3|WideOr28~0 ; Duplicated ; Router Logic Cell Insertion and Logic Duplication ; Routability optimization ;           ;                ; bitcoin_sha:multiple_ph_3[0].inst_ph_3|WideOr28~0DUPLICATE ;                  ;                       ;
; bitcoin_sha:multiple_ph_3[0].inst_ph_3|WideOr30~0 ; Duplicated ; Router Logic Cell Insertion and Logic Duplication ; Routability optimization ;           ;                ; bitcoin_sha:multiple_ph_3[0].inst_ph_3|WideOr30~0DUPLICATE ;                  ;                       ;
+---------------------------------------------------+------------+---------------------------------------------------+--------------------------+-----------+----------------+------------------------------------------------------------+------------------+-----------------------+


+----------------------------------------------------------------------------------------------------+
; Incremental Compilation Preservation Summary                                                       ;
+---------------------+----------------------+----------------------------+--------------------------+
; Type                ; Total [A + B]        ; From Design Partitions [A] ; From Rapid Recompile [B] ;
+---------------------+----------------------+----------------------------+--------------------------+
; Placement (by node) ;                      ;                            ;                          ;
;     -- Requested    ; 0.00 % ( 0 / 32442 ) ; 0.00 % ( 0 / 32442 )       ; 0.00 % ( 0 / 32442 )     ;
;     -- Achieved     ; 0.00 % ( 0 / 32442 ) ; 0.00 % ( 0 / 32442 )       ; 0.00 % ( 0 / 32442 )     ;
;                     ;                      ;                            ;                          ;
; Routing (by net)    ;                      ;                            ;                          ;
;     -- Requested    ; 0.00 % ( 0 / 0 )     ; 0.00 % ( 0 / 0 )           ; 0.00 % ( 0 / 0 )         ;
;     -- Achieved     ; 0.00 % ( 0 / 0 )     ; 0.00 % ( 0 / 0 )           ; 0.00 % ( 0 / 0 )         ;
+---------------------+----------------------+----------------------------+--------------------------+


+----------------------------------------------------------------------------------------------------------------------------------------------------------------------------------------+
; Incremental Compilation Partition Settings                                                                                                                                             ;
+--------------------------------+----------------+-------------------+-------------------------+------------------------+------------------------------+--------------------------------+
; Partition Name                 ; Partition Type ; Netlist Type Used ; Preservation Level Used ; Netlist Type Requested ; Preservation Level Requested ; Contents                       ;
+--------------------------------+----------------+-------------------+-------------------------+------------------------+------------------------------+--------------------------------+
; Top                            ; User-created   ; Source File       ; N/A                     ; Source File            ; N/A                          ;                                ;
; hard_block:auto_generated_inst ; Auto-generated ; Source File       ; N/A                     ; Source File            ; N/A                          ; hard_block:auto_generated_inst ;
+--------------------------------+----------------+-------------------+-------------------------+------------------------+------------------------------+--------------------------------+


+------------------------------------------------------------------------------------------------------------------------------------+
; Incremental Compilation Placement Preservation                                                                                     ;
+--------------------------------+-----------------------+-------------------------+-------------------+---------------------+-------+
; Partition Name                 ; Preservation Achieved ; Preservation Level Used ; Netlist Type Used ; Preservation Method ; Notes ;
+--------------------------------+-----------------------+-------------------------+-------------------+---------------------+-------+
; Top                            ; 0.00 % ( 0 / 32440 )  ; N/A                     ; Source File       ; N/A                 ;       ;
; hard_block:auto_generated_inst ; 0.00 % ( 0 / 2 )      ; N/A                     ; Source File       ; N/A                 ;       ;
+--------------------------------+-----------------------+-------------------------+-------------------+---------------------+-------+


+--------------+
; Pin-Out File ;
+--------------+
The pin-out file can be found in H:/ECE 111/Final Project/Bitcoin_optimized/output_files/bitcoin_hash.pin.


+--------------------------------------------------------------------------------------------------------------+
; Fitter Resource Usage Summary                                                                                ;
+-----------------------------------------------------------------------------------+--------------------------+
; Resource                                                                          ; Usage                    ;
+-----------------------------------------------------------------------------------+--------------------------+
; ALUTs Used                                                                        ; 15,857 / 36,100 ( 44 % ) ;
;     -- Combinational ALUTs                                                        ; 15,857 / 36,100 ( 44 % ) ;
;     -- Memory ALUTs                                                               ; 0 / 18,050 ( 0 % )       ;
;     -- LUT_REGs                                                                   ; 0 / 36,100 ( 0 % )       ;
; Dedicated logic registers                                                         ; 16,364 / 36,100 ( 45 % ) ;
;                                                                                   ;                          ;
; Combinational ALUT usage by number of inputs                                      ;                          ;
;     -- 7 input functions                                                          ; 0                        ;
;     -- 6 input functions                                                          ; 2930                     ;
;     -- 5 input functions                                                          ; 20                       ;
;     -- 4 input functions                                                          ; 669                      ;
;     -- <=3 input functions                                                        ; 12238                    ;
;                                                                                   ;                          ;
; Combinational ALUTs by mode                                                       ;                          ;
;     -- normal mode                                                                ; 7261                     ;
;     -- extended LUT mode                                                          ; 0                        ;
;     -- arithmetic mode                                                            ; 7508                     ;
;     -- shared arithmetic mode                                                     ; 1088                     ;
;                                                                                   ;                          ;
; Logic utilization                                                                 ; 31,106 / 36,100 ( 86 % ) ;
;     -- Difficulty Clustering Design                                               ; Medium                   ;
;     -- Combinational ALUT/register pairs used in final Placement                  ; 27885                    ;
;         -- Combinational with no register                                         ; 11521                    ;
;         -- Register only                                                          ; 12028                    ;
;         -- Combinational with a register                                          ; 4336                     ;
;     -- Estimated pairs recoverable by pairing ALUTs and registers as design grows ; -47                      ;
;     -- Estimated Combinational ALUT/register pairs unavailable                    ; 3268                     ;
;         -- Unavailable due to Memory LAB use                                      ; 0                        ;
;         -- Unavailable due to unpartnered 7 LUTs                                  ; 0                        ;
;         -- Unavailable due to unpartnered 6 LUTs                                  ; 2742                     ;
;         -- Unavailable due to unpartnered 5 LUTs                                  ; 0                        ;
;         -- Unavailable due to LAB-wide signal conflicts                           ; 272                      ;
;         -- Unavailable due to LAB input limits                                    ; 254                      ;
;                                                                                   ;                          ;
; Total registers*                                                                  ; 16364                    ;
;     -- Dedicated logic registers                                                  ; 16,364 / 36,100 ( 45 % ) ;
;     -- I/O registers                                                              ; 0 / 2,232 ( 0 % )        ;
;     -- LUT_REGs                                                                   ; 0                        ;
;                                                                                   ;                          ;
; ALMs:  partially or completely used                                               ; 16,662 / 18,050 ( 92 % ) ;
;                                                                                   ;                          ;
; Total LABs:  partially or completely used                                         ; 1,792 / 1,805 ( 99 % )   ;
;     -- Logic LABs                                                                 ; 1,792 / 1,792 ( 100 % )  ;
;     -- Memory LABs                                                                ; 0 / 1,792 ( 0 % )        ;
;                                                                                   ;                          ;
; Virtual pins                                                                      ; 0                        ;
; I/O pins                                                                          ; 118 / 404 ( 29 % )       ;
;     -- Clock pins                                                                 ; 1 / 10 ( 10 % )          ;
;     -- Dedicated input pins                                                       ; 0 / 28 ( 0 % )           ;
;                                                                                   ;                          ;
; M9K blocks                                                                        ; 0 / 319 ( 0 % )          ;
; Total MLAB memory bits                                                            ; 0                        ;
; Total block memory bits                                                           ; 0 / 2,939,904 ( 0 % )    ;
; Total block memory implementation bits                                            ; 0 / 2,939,904 ( 0 % )    ;
; DSP block 18-bit elements                                                         ; 0 / 232 ( 0 % )          ;
; PLLs                                                                              ; 0 / 4 ( 0 % )            ;
; Global signals                                                                    ; 2                        ;
;     -- Global clocks                                                              ; 2 / 16 ( 13 % )          ;
;     -- Quadrant clocks                                                            ; 0 / 48 ( 0 % )           ;
;     -- Periphery clocks                                                           ; 0 / 50 ( 0 % )           ;
; SERDES receivers                                                                  ; 0 / 28 ( 0 % )           ;
; JTAGs                                                                             ; 0 / 1 ( 0 % )            ;
; ASMI blocks                                                                       ; 0 / 1 ( 0 % )            ;
; CRC blocks                                                                        ; 0 / 1 ( 0 % )            ;
; Remote update blocks                                                              ; 0 / 1 ( 0 % )            ;
; Oscillator blocks                                                                 ; 0 / 1 ( 0 % )            ;
; GXB Receiver channel PCSs                                                         ; 0 / 8 ( 0 % )            ;
; GXB Receiver channel PMAs                                                         ; 0 / 8 ( 0 % )            ;
; GXB Transmitter channel PCSs                                                      ; 0 / 8 ( 0 % )            ;
; GXB Transmitter channel PMAs                                                      ; 0 / 8 ( 0 % )            ;
; HSSI CMU PLLs                                                                     ; 0 / 4 ( 0 % )            ;
; Impedance control blocks                                                          ; 0 / 3 ( 0 % )            ;
; Average interconnect usage (total/H/V)                                            ; 17.9% / 17.0% / 19.6%    ;
; Peak interconnect usage (total/H/V)                                               ; 43.1% / 39.7% / 48.8%    ;
; Maximum fan-out                                                                   ; 16364                    ;
; Highest non-global fan-out                                                        ; 6159                     ;
; Total fan-out                                                                     ; 143009                   ;
; Average fan-out                                                                   ; 3.24                     ;
+-----------------------------------------------------------------------------------+--------------------------+
*  Register count does not include registers inside RAM blocks or DSP blocks.



+---------------------------------------------------------------------------------------------------------------------------------------------+
; Fitter Partition Statistics                                                                                                                 ;
+-----------------------------------------------------------------------------------+------------------------+--------------------------------+
; Statistic                                                                         ; Top                    ; hard_block:auto_generated_inst ;
+-----------------------------------------------------------------------------------+------------------------+--------------------------------+
; Difficulty Clustering Region                                                      ; Medium                 ; Medium                         ;
;                                                                                   ;                        ;                                ;
; Logic utilization                                                                 ; 31106 / 36100 ( 86 % ) ; 0 / 36100 ( 0 % )              ;
;     -- Combinational ALUT/register pairs used in final Placement                  ; 27885                  ; 0                              ;
;         -- Combinational with no register                                         ; 11521                  ; 0                              ;
;         -- Register only                                                          ; 12028                  ; 0                              ;
;         -- Combinational with a register                                          ; 4336                   ; 0                              ;
;     -- Estimated pairs recoverable by pairing ALUTs and registers as design grows ; -47                    ; 0                              ;
;     -- Estimated Combinational ALUT/register pairs unavailable                    ; 3268                   ; 0                              ;
;         -- Unavailable due to Memory LAB use                                      ; 0                      ; 0                              ;
;         -- Unavailable due to unpartnered 7 LUTs                                  ; 0                      ; 0                              ;
;         -- Unavailable due to unpartnered 6 LUTs                                  ; 2742                   ; 0                              ;
;         -- Unavailable due to unpartnered 5 LUTs                                  ; 0                      ; 0                              ;
;         -- Unavailable due to LAB-wide signal conflicts                           ; 272                    ; 0                              ;
;         -- Unavailable due to LAB input limits                                    ; 254                    ; 0                              ;
;                                                                                   ;                        ;                                ;
; ALUTs Used                                                                        ; 15857 / 36100 ( 44 % ) ; 0 / 36100 ( 0 % )              ;
;     -- Combinational ALUTs                                                        ; 15857 / 36100 ( 44 % ) ; 0 / 36100 ( 0 % )              ;
;     -- Memory ALUTs                                                               ; 0 / 18050 ( 0 % )      ; 0 / 18050 ( 0 % )              ;
;     -- LUT_REGs                                                                   ; 0 / 36100 ( 0 % )      ; 0 / 36100 ( 0 % )              ;
; Dedicated logic registers                                                         ; 16364 / 36100 ( 45 % ) ; 0 / 36100 ( 0 % )              ;
;                                                                                   ;                        ;                                ;
; Combinational ALUT usage by number of inputs                                      ;                        ;                                ;
;     -- 7 input functions                                                          ; 0                      ; 0                              ;
;     -- 6 input functions                                                          ; 2930                   ; 0                              ;
;     -- 5 input functions                                                          ; 20                     ; 0                              ;
;     -- 4 input functions                                                          ; 669                    ; 0                              ;
;     -- <=3 input functions                                                        ; 12238                  ; 0                              ;
;                                                                                   ;                        ;                                ;
; Combinational ALUTs by mode                                                       ;                        ;                                ;
;     -- normal mode                                                                ; 7261                   ; 0                              ;
;     -- extended LUT mode                                                          ; 0                      ; 0                              ;
;     -- arithmetic mode                                                            ; 7508                   ; 0                              ;
;     -- shared arithmetic mode                                                     ; 1088                   ; 0                              ;
;                                                                                   ;                        ;                                ;
; Total registers                                                                   ; 16364                  ; 0                              ;
;     -- Dedicated logic registers                                                  ; 16364 / 36100 ( 45 % ) ; 0 / 36100 ( 0 % )              ;
;     -- I/O registers                                                              ; 0                      ; 0                              ;
;     -- LUT_REGs                                                                   ; 0                      ; 0                              ;
;                                                                                   ;                        ;                                ;
; Memory LAB cells by mode                                                          ;                        ;                                ;
;     -- 64-address deep                                                            ; 0                      ; 0                              ;
;     -- 32-address deep                                                            ; 0                      ; 0                              ;
;                                                                                   ;                        ;                                ;
; ALMs:  partially or completely used                                               ; 16662 / 18050 ( 92 % ) ; 0 / 18050 ( 0 % )              ;
;                                                                                   ;                        ;                                ;
; Total LABs:  partially or completely used                                         ; 1792 / 1805 ( 99 % )   ; 0 / 1805 ( 0 % )               ;
;     -- Logic LABs                                                                 ; 1792                   ; 0                              ;
;     -- Memory LABs                                                                ; 0                      ; 0                              ;
;                                                                                   ;                        ;                                ;
; Virtual pins                                                                      ; 0                      ; 0                              ;
; I/O pins                                                                          ; 118                    ; 0                              ;
; DSP block 18-bit elements                                                         ; 0 / 232 ( 0 % )        ; 0 / 232 ( 0 % )                ;
; Total block memory bits                                                           ; 0                      ; 0                              ;
; Total block memory implementation bits                                            ; 0                      ; 0                              ;
; Clock enable block                                                                ; 2 / 126 ( 1 % )        ; 0 / 126 ( 0 % )                ;
;                                                                                   ;                        ;                                ;
; Connections                                                                       ;                        ;                                ;
;     -- Input Connections                                                          ; 0                      ; 0                              ;
;     -- Registered Input Connections                                               ; 0                      ; 0                              ;
;     -- Output Connections                                                         ; 0                      ; 0                              ;
;     -- Registered Output Connections                                              ; 0                      ; 0                              ;
;                                                                                   ;                        ;                                ;
; Internal Connections                                                              ;                        ;                                ;
;     -- Total Connections                                                          ; 144062                 ; 1                              ;
;     -- Registered Connections                                                     ; 63707                  ; 0                              ;
;                                                                                   ;                        ;                                ;
; External Connections                                                              ;                        ;                                ;
;     -- Top                                                                        ; 0                      ; 0                              ;
;     -- hard_block:auto_generated_inst                                             ; 0                      ; 0                              ;
;                                                                                   ;                        ;                                ;
; Partition Interface                                                               ;                        ;                                ;
;     -- Input Ports                                                                ; 67                     ; 0                              ;
;     -- Output Ports                                                               ; 51                     ; 0                              ;
;     -- Bidir Ports                                                                ; 0                      ; 0                              ;
;                                                                                   ;                        ;                                ;
; Registered Ports                                                                  ;                        ;                                ;
;     -- Registered Input Ports                                                     ; 0                      ; 0                              ;
;     -- Registered Output Ports                                                    ; 0                      ; 0                              ;
;                                                                                   ;                        ;                                ;
; Port Connectivity                                                                 ;                        ;                                ;
;     -- Input Ports driven by GND                                                  ; 0                      ; 0                              ;
;     -- Output Ports driven by GND                                                 ; 0                      ; 0                              ;
;     -- Input Ports driven by VCC                                                  ; 0                      ; 0                              ;
;     -- Output Ports driven by VCC                                                 ; 0                      ; 0                              ;
;     -- Input Ports with no Source                                                 ; 0                      ; 0                              ;
;     -- Output Ports with no Source                                                ; 0                      ; 0                              ;
;     -- Input Ports with no Fanout                                                 ; 0                      ; 0                              ;
;     -- Output Ports with no Fanout                                                ; 0                      ; 0                              ;
+-----------------------------------------------------------------------------------+------------------------+--------------------------------+


+------------------------------------------------------------------------------------------------------------------------------------------------------------------------------------------------------------------------------------------------------------------------------------------------------------------+
; Input Pins                                                                                                                                                                                                                                                                                                       ;
+-------------------+-------+----------+--------------+--------------+--------------+-----------------------+--------------------+--------+----------------+---------------+-----------------+----------+--------------+--------------+-------------+---------------------------+----------------------+-----------+
; Name              ; Pin # ; I/O Bank ; X coordinate ; Y coordinate ; Z coordinate ; Combinational Fan-Out ; Registered Fan-Out ; Global ; Input Register ; Power Up High ; PCI I/O Enabled ; Bus Hold ; Weak Pull Up ; I/O Standard ; Termination ; Termination Control Block ; Location assigned by ; Slew Rate ;
+-------------------+-------+----------+--------------+--------------+--------------+-----------------------+--------------------+--------+----------------+---------------+-----------------+----------+--------------+--------------+-------------+---------------------------+----------------------+-----------+
; clk               ; AE15  ; 3A       ; 26           ; 0            ; 31           ; 16365                 ; 0                  ; yes    ; no             ; no            ; no              ; no       ; Off          ; 2.5 V        ; Off         ; --                        ; Fitter               ; no        ;
; mem_read_data[0]  ; AE9   ; 4A       ; 41           ; 0            ; 0            ; 19                    ; 0                  ; no     ; no             ; no            ; no              ; no       ; Off          ; 2.5 V        ; Off         ; --                        ; Fitter               ; no        ;
; mem_read_data[10] ; Y9    ; 5A       ; 59           ; 6            ; 31           ; 19                    ; 0                  ; no     ; no             ; no            ; no              ; no       ; Off          ; 2.5 V        ; Off         ; --                        ; Fitter               ; no        ;
; mem_read_data[11] ; AB7   ; 5A       ; 59           ; 4            ; 31           ; 19                    ; 0                  ; no     ; no             ; no            ; no              ; no       ; Off          ; 2.5 V        ; Off         ; --                        ; Fitter               ; no        ;
; mem_read_data[12] ; AC4   ; 5A       ; 59           ; 7            ; 93           ; 19                    ; 0                  ; no     ; no             ; no            ; no              ; no       ; Off          ; 2.5 V        ; Off         ; --                        ; Fitter               ; no        ;
; mem_read_data[13] ; D1    ; 6A       ; 59           ; 36           ; 62           ; 19                    ; 0                  ; no     ; no             ; no            ; no              ; no       ; Off          ; 2.5 V        ; Off         ; --                        ; Fitter               ; no        ;
; mem_read_data[14] ; AH4   ; 4A       ; 35           ; 0            ; 31           ; 19                    ; 0                  ; no     ; no             ; no            ; no              ; no       ; Off          ; 2.5 V        ; Off         ; --                        ; Fitter               ; no        ;
; mem_read_data[15] ; AC3   ; 5A       ; 59           ; 10           ; 31           ; 19                    ; 0                  ; no     ; no             ; no            ; no              ; no       ; Off          ; 2.5 V        ; Off         ; --                        ; Fitter               ; no        ;
; mem_read_data[16] ; AA3   ; 5A       ; 59           ; 10           ; 62           ; 19                    ; 0                  ; no     ; no             ; no            ; no              ; no       ; Off          ; 2.5 V        ; Off         ; --                        ; Fitter               ; no        ;
; mem_read_data[17] ; AA4   ; 5A       ; 59           ; 10           ; 0            ; 19                    ; 0                  ; no     ; no             ; no            ; no              ; no       ; Off          ; 2.5 V        ; Off         ; --                        ; Fitter               ; no        ;
; mem_read_data[18] ; K6    ; 6A       ; 59           ; 30           ; 93           ; 19                    ; 0                  ; no     ; no             ; no            ; no              ; no       ; Off          ; 2.5 V        ; Off         ; --                        ; Fitter               ; no        ;
; mem_read_data[19] ; AC2   ; 5A       ; 59           ; 10           ; 93           ; 19                    ; 0                  ; no     ; no             ; no            ; no              ; no       ; Off          ; 2.5 V        ; Off         ; --                        ; Fitter               ; no        ;
; mem_read_data[1]  ; Y6    ; 5A       ; 59           ; 7            ; 0            ; 19                    ; 0                  ; no     ; no             ; no            ; no              ; no       ; Off          ; 2.5 V        ; Off         ; --                        ; Fitter               ; no        ;
; mem_read_data[20] ; F2    ; 6A       ; 59           ; 34           ; 0            ; 19                    ; 0                  ; no     ; no             ; no            ; no              ; no       ; Off          ; 2.5 V        ; Off         ; --                        ; Fitter               ; no        ;
; mem_read_data[21] ; K8    ; 6A       ; 59           ; 39           ; 93           ; 19                    ; 0                  ; no     ; no             ; no            ; no              ; no       ; Off          ; 2.5 V        ; Off         ; --                        ; Fitter               ; no        ;
; mem_read_data[22] ; AB6   ; 5A       ; 59           ; 6            ; 0            ; 19                    ; 0                  ; no     ; no             ; no            ; no              ; no       ; Off          ; 2.5 V        ; Off         ; --                        ; Fitter               ; no        ;
; mem_read_data[23] ; W6    ; 5A       ; 59           ; 9            ; 93           ; 19                    ; 0                  ; no     ; no             ; no            ; no              ; no       ; Off          ; 2.5 V        ; Off         ; --                        ; Fitter               ; no        ;
; mem_read_data[24] ; W8    ; 5A       ; 59           ; 6            ; 93           ; 19                    ; 0                  ; no     ; no             ; no            ; no              ; no       ; Off          ; 2.5 V        ; Off         ; --                        ; Fitter               ; no        ;
; mem_read_data[25] ; AC5   ; 5A       ; 59           ; 4            ; 0            ; 19                    ; 0                  ; no     ; no             ; no            ; no              ; no       ; Off          ; 2.5 V        ; Off         ; --                        ; Fitter               ; no        ;
; mem_read_data[26] ; L7    ; 6A       ; 59           ; 30           ; 31           ; 19                    ; 0                  ; no     ; no             ; no            ; no              ; no       ; Off          ; 2.5 V        ; Off         ; --                        ; Fitter               ; no        ;
; mem_read_data[27] ; AD4   ; 5A       ; 59           ; 4            ; 62           ; 19                    ; 0                  ; no     ; no             ; no            ; no              ; no       ; Off          ; 2.5 V        ; Off         ; --                        ; Fitter               ; no        ;
; mem_read_data[28] ; AF12  ; 4A       ; 37           ; 0            ; 62           ; 19                    ; 0                  ; no     ; no             ; no            ; no              ; no       ; Off          ; 2.5 V        ; Off         ; --                        ; Fitter               ; no        ;
; mem_read_data[29] ; AF8   ; 4A       ; 43           ; 0            ; 93           ; 19                    ; 0                  ; no     ; no             ; no            ; no              ; no       ; Off          ; 2.5 V        ; Off         ; --                        ; Fitter               ; no        ;
; mem_read_data[2]  ; V7    ; 5A       ; 59           ; 9            ; 31           ; 19                    ; 0                  ; no     ; no             ; no            ; no              ; no       ; Off          ; 2.5 V        ; Off         ; --                        ; Fitter               ; no        ;
; mem_read_data[30] ; AC13  ; 4A       ; 37           ; 0            ; 93           ; 19                    ; 0                  ; no     ; no             ; no            ; no              ; no       ; Off          ; 2.5 V        ; Off         ; --                        ; Fitter               ; no        ;
; mem_read_data[31] ; AB5   ; 5A       ; 59           ; 6            ; 62           ; 19                    ; 0                  ; no     ; no             ; no            ; no              ; no       ; Off          ; 2.5 V        ; Off         ; --                        ; Fitter               ; no        ;
; mem_read_data[3]  ; AF9   ; 4A       ; 41           ; 0            ; 62           ; 19                    ; 0                  ; no     ; no             ; no            ; no              ; no       ; Off          ; 2.5 V        ; Off         ; --                        ; Fitter               ; no        ;
; mem_read_data[4]  ; AB4   ; 5A       ; 59           ; 7            ; 31           ; 19                    ; 0                  ; no     ; no             ; no            ; no              ; no       ; Off          ; 2.5 V        ; Off         ; --                        ; Fitter               ; no        ;
; mem_read_data[5]  ; AE6   ; 4A       ; 45           ; 0            ; 0            ; 19                    ; 0                  ; no     ; no             ; no            ; no              ; no       ; Off          ; 2.5 V        ; Off         ; --                        ; Fitter               ; no        ;
; mem_read_data[6]  ; AE3   ; 5A       ; 59           ; 9            ; 62           ; 19                    ; 0                  ; no     ; no             ; no            ; no              ; no       ; Off          ; 2.5 V        ; Off         ; --                        ; Fitter               ; no        ;
; mem_read_data[7]  ; V6    ; 5A       ; 59           ; 12           ; 93           ; 19                    ; 0                  ; no     ; no             ; no            ; no              ; no       ; Off          ; 2.5 V        ; Off         ; --                        ; Fitter               ; no        ;
; mem_read_data[8]  ; Y5    ; 5A       ; 59           ; 7            ; 62           ; 19                    ; 0                  ; no     ; no             ; no            ; no              ; no       ; Off          ; 2.5 V        ; Off         ; --                        ; Fitter               ; no        ;
; mem_read_data[9]  ; AD3   ; 5A       ; 59           ; 9            ; 0            ; 19                    ; 0                  ; no     ; no             ; no            ; no              ; no       ; Off          ; 2.5 V        ; Off         ; --                        ; Fitter               ; no        ;
; message_addr[0]   ; T1    ; 5A       ; 59           ; 23           ; 0            ; 2                     ; 0                  ; no     ; no             ; no            ; no              ; no       ; Off          ; 2.5 V        ; Off         ; --                        ; Fitter               ; no        ;
; message_addr[10]  ; AB1   ; 5A       ; 59           ; 16           ; 31           ; 2                     ; 0                  ; no     ; no             ; no            ; no              ; no       ; Off          ; 2.5 V        ; Off         ; --                        ; Fitter               ; no        ;
; message_addr[11]  ; T3    ; 5A       ; 59           ; 22           ; 62           ; 2                     ; 0                  ; no     ; no             ; no            ; no              ; no       ; Off          ; 2.5 V        ; Off         ; --                        ; Fitter               ; no        ;
; message_addr[12]  ; R6    ; 5A       ; 59           ; 21           ; 93           ; 2                     ; 0                  ; no     ; no             ; no            ; no              ; no       ; Off          ; 2.5 V        ; Off         ; --                        ; Fitter               ; no        ;
; message_addr[13]  ; U3    ; 5A       ; 59           ; 22           ; 93           ; 2                     ; 0                  ; no     ; no             ; no            ; no              ; no       ; Off          ; 2.5 V        ; Off         ; --                        ; Fitter               ; no        ;
; message_addr[14]  ; R1    ; 5A       ; 59           ; 25           ; 93           ; 2                     ; 0                  ; no     ; no             ; no            ; no              ; no       ; Off          ; 2.5 V        ; Off         ; --                        ; Fitter               ; no        ;
; message_addr[15]  ; W1    ; 5A       ; 59           ; 19           ; 93           ; 2                     ; 0                  ; no     ; no             ; no            ; no              ; no       ; Off          ; 2.5 V        ; Off         ; --                        ; Fitter               ; no        ;
; message_addr[1]   ; AC1   ; 5A       ; 59           ; 16           ; 93           ; 2                     ; 0                  ; no     ; no             ; no            ; no              ; no       ; Off          ; 2.5 V        ; Off         ; --                        ; Fitter               ; no        ;
; message_addr[2]   ; R3    ; 5A       ; 59           ; 22           ; 0            ; 2                     ; 0                  ; no     ; no             ; no            ; no              ; no       ; Off          ; 2.5 V        ; Off         ; --                        ; Fitter               ; no        ;
; message_addr[3]   ; V1    ; 5A       ; 59           ; 19           ; 31           ; 2                     ; 0                  ; no     ; no             ; no            ; no              ; no       ; Off          ; 2.5 V        ; Off         ; --                        ; Fitter               ; no        ;
; message_addr[4]   ; U4    ; 5A       ; 59           ; 21           ; 62           ; 2                     ; 0                  ; no     ; no             ; no            ; no              ; no       ; Off          ; 2.5 V        ; Off         ; --                        ; Fitter               ; no        ;
; message_addr[5]   ; Y1    ; 5A       ; 59           ; 16           ; 0            ; 2                     ; 0                  ; no     ; no             ; no            ; no              ; no       ; Off          ; 2.5 V        ; Off         ; --                        ; Fitter               ; no        ;
; message_addr[6]   ; Y4    ; 5A       ; 59           ; 13           ; 0            ; 2                     ; 0                  ; no     ; no             ; no            ; no              ; no       ; Off          ; 2.5 V        ; Off         ; --                        ; Fitter               ; no        ;
; message_addr[7]   ; P6    ; 5A       ; 59           ; 21           ; 31           ; 2                     ; 0                  ; no     ; no             ; no            ; no              ; no       ; Off          ; 2.5 V        ; Off         ; --                        ; Fitter               ; no        ;
; message_addr[8]   ; W3    ; 5A       ; 59           ; 19           ; 0            ; 2                     ; 0                  ; no     ; no             ; no            ; no              ; no       ; Off          ; 2.5 V        ; Off         ; --                        ; Fitter               ; no        ;
; message_addr[9]   ; W2    ; 5A       ; 59           ; 19           ; 62           ; 2                     ; 0                  ; no     ; no             ; no            ; no              ; no       ; Off          ; 2.5 V        ; Off         ; --                        ; Fitter               ; no        ;
; output_addr[0]    ; AB3   ; 5A       ; 59           ; 13           ; 31           ; 1                     ; 0                  ; no     ; no             ; no            ; no              ; no       ; Off          ; 2.5 V        ; Off         ; --                        ; Fitter               ; no        ;
; output_addr[10]   ; U5    ; 5A       ; 59           ; 21           ; 0            ; 1                     ; 0                  ; no     ; no             ; no            ; no              ; no       ; Off          ; 2.5 V        ; Off         ; --                        ; Fitter               ; no        ;
; output_addr[11]   ; T7    ; 5A       ; 59           ; 15           ; 31           ; 1                     ; 0                  ; no     ; no             ; no            ; no              ; no       ; Off          ; 2.5 V        ; Off         ; --                        ; Fitter               ; no        ;
; output_addr[12]   ; P4    ; 5A       ; 59           ; 26           ; 0            ; 1                     ; 0                  ; no     ; no             ; no            ; no              ; no       ; Off          ; 2.5 V        ; Off         ; --                        ; Fitter               ; no        ;
; output_addr[13]   ; AA1   ; 5A       ; 59           ; 16           ; 62           ; 1                     ; 0                  ; no     ; no             ; no            ; no              ; no       ; Off          ; 2.5 V        ; Off         ; --                        ; Fitter               ; no        ;
; output_addr[14]   ; AE1   ; 5A       ; 59           ; 15           ; 62           ; 1                     ; 0                  ; no     ; no             ; no            ; no              ; no       ; Off          ; 2.5 V        ; Off         ; --                        ; Fitter               ; no        ;
; output_addr[15]   ; P5    ; 5A       ; 59           ; 18           ; 31           ; 1                     ; 0                  ; no     ; no             ; no            ; no              ; no       ; Off          ; 2.5 V        ; Off         ; --                        ; Fitter               ; no        ;
; output_addr[1]    ; N4    ; 5A       ; 59           ; 18           ; 93           ; 1                     ; 0                  ; no     ; no             ; no            ; no              ; no       ; Off          ; 2.5 V        ; Off         ; --                        ; Fitter               ; no        ;
; output_addr[2]    ; T4    ; 5A       ; 59           ; 22           ; 31           ; 1                     ; 0                  ; no     ; no             ; no            ; no              ; no       ; Off          ; 2.5 V        ; Off         ; --                        ; Fitter               ; no        ;
; output_addr[3]    ; T6    ; 5A       ; 59           ; 15           ; 93           ; 1                     ; 0                  ; no     ; no             ; no            ; no              ; no       ; Off          ; 2.5 V        ; Off         ; --                        ; Fitter               ; no        ;
; output_addr[4]    ; R4    ; 5A       ; 59           ; 25           ; 62           ; 1                     ; 0                  ; no     ; no             ; no            ; no              ; no       ; Off          ; 2.5 V        ; Off         ; --                        ; Fitter               ; no        ;
; output_addr[5]    ; J2    ; 6A       ; 59           ; 31           ; 93           ; 1                     ; 0                  ; no     ; no             ; no            ; no              ; no       ; Off          ; 2.5 V        ; Off         ; --                        ; Fitter               ; no        ;
; output_addr[6]    ; AD1   ; 5A       ; 59           ; 15           ; 0            ; 1                     ; 0                  ; no     ; no             ; no            ; no              ; no       ; Off          ; 2.5 V        ; Off         ; --                        ; Fitter               ; no        ;
; output_addr[7]    ; V3    ; 5A       ; 59           ; 18           ; 62           ; 1                     ; 0                  ; no     ; no             ; no            ; no              ; no       ; Off          ; 2.5 V        ; Off         ; --                        ; Fitter               ; no        ;
; output_addr[8]    ; M2    ; 6A       ; 59           ; 28           ; 62           ; 1                     ; 0                  ; no     ; no             ; no            ; no              ; no       ; Off          ; 2.5 V        ; Off         ; --                        ; Fitter               ; no        ;
; output_addr[9]    ; V4    ; 5A       ; 59           ; 18           ; 0            ; 1                     ; 0                  ; no     ; no             ; no            ; no              ; no       ; Off          ; 2.5 V        ; Off         ; --                        ; Fitter               ; no        ;
; reset_n           ; AF15  ; 3A       ; 26           ; 0            ; 93           ; 71                    ; 0                  ; yes    ; no             ; no            ; no              ; no       ; Off          ; 2.5 V        ; Off         ; --                        ; Fitter               ; no        ;
; start             ; W5    ; 5A       ; 59           ; 12           ; 0            ; 5                     ; 0                  ; no     ; no             ; no            ; no              ; no       ; Off          ; 2.5 V        ; Off         ; --                        ; Fitter               ; no        ;
+-------------------+-------+----------+--------------+--------------+--------------+-----------------------+--------------------+--------+----------------+---------------+-----------------+----------+--------------+--------------+-------------+---------------------------+----------------------+-----------+


+---------------------------------------------------------------------------------------------------------------------------------------------------------------------------------------------------------------------------------------------------------------------------------------------------------------------------------------------------------------------------------------------------------------------------------------------------------------------+
; Output Pins                                                                                                                                                                                                                                                                                                                                                                                                                                                         ;
+--------------------+-------+----------+--------------+--------------+--------------+-----------------+------------------------+---------------+-----------+-----------------+------------+---------------+----------+--------------+--------------+------------------+-----------------------------------+---------------------------+----------------------------+-----------------------------+----------------------+----------------------+---------------------+
; Name               ; Pin # ; I/O Bank ; X coordinate ; Y coordinate ; Z coordinate ; Output Register ; Output Enable Register ; Power Up High ; Slew Rate ; PCI I/O Enabled ; Open Drain ; TRI Primitive ; Bus Hold ; Weak Pull Up ; I/O Standard ; Current Strength ; Termination                       ; Termination Control Block ; Output Buffer Pre-emphasis ; Voltage Output Differential ; Location assigned by ; Output Enable Source ; Output Enable Group ;
+--------------------+-------+----------+--------------+--------------+--------------+-----------------+------------------------+---------------+-----------+-----------------+------------+---------------+----------+--------------+--------------+------------------+-----------------------------------+---------------------------+----------------------------+-----------------------------+----------------------+----------------------+---------------------+
; done               ; R5    ; 5A       ; 59           ; 25           ; 0            ; no              ; no                     ; no            ; 1         ; no              ; no         ; no            ; no       ; Off          ; 2.5 V        ; Default          ; Series 50 Ohm without Calibration ; --                        ; no                         ; no                          ; Fitter               ; -                    ; -                   ;
; mem_addr[0]        ; L1    ; 6A       ; 59           ; 28           ; 93           ; no              ; no                     ; no            ; 1         ; no              ; no         ; no            ; no       ; Off          ; 2.5 V        ; Default          ; Series 50 Ohm without Calibration ; --                        ; no                         ; no                          ; Fitter               ; -                    ; -                   ;
; mem_addr[10]       ; M4    ; 6A       ; 59           ; 30           ; 0            ; no              ; no                     ; no            ; 1         ; no              ; no         ; no            ; no       ; Off          ; 2.5 V        ; Default          ; Series 50 Ohm without Calibration ; --                        ; no                         ; no                          ; Fitter               ; -                    ; -                   ;
; mem_addr[11]       ; M6    ; 5A       ; 59           ; 23           ; 31           ; no              ; no                     ; no            ; 1         ; no              ; no         ; no            ; no       ; Off          ; 2.5 V        ; Default          ; Series 50 Ohm without Calibration ; --                        ; no                         ; no                          ; Fitter               ; -                    ; -                   ;
; mem_addr[12]       ; U6    ; 5A       ; 59           ; 12           ; 31           ; no              ; no                     ; no            ; 1         ; no              ; no         ; no            ; no       ; Off          ; 2.5 V        ; Default          ; Series 50 Ohm without Calibration ; --                        ; no                         ; no                          ; Fitter               ; -                    ; -                   ;
; mem_addr[13]       ; AA6   ; 5A       ; 59           ; 4            ; 93           ; no              ; no                     ; no            ; 1         ; no              ; no         ; no            ; no       ; Off          ; 2.5 V        ; Default          ; Series 50 Ohm without Calibration ; --                        ; no                         ; no                          ; Fitter               ; -                    ; -                   ;
; mem_addr[14]       ; W4    ; 5A       ; 59           ; 12           ; 62           ; no              ; no                     ; no            ; 1         ; no              ; no         ; no            ; no       ; Off          ; 2.5 V        ; Default          ; Series 50 Ohm without Calibration ; --                        ; no                         ; no                          ; Fitter               ; -                    ; -                   ;
; mem_addr[15]       ; P1    ; 5A       ; 59           ; 25           ; 31           ; no              ; no                     ; no            ; 1         ; no              ; no         ; no            ; no       ; Off          ; 2.5 V        ; Default          ; Series 50 Ohm without Calibration ; --                        ; no                         ; no                          ; Fitter               ; -                    ; -                   ;
; mem_addr[1]        ; L4    ; 6A       ; 59           ; 33           ; 0            ; no              ; no                     ; no            ; 1         ; no              ; no         ; no            ; no       ; Off          ; 2.5 V        ; Default          ; Series 50 Ohm without Calibration ; --                        ; no                         ; no                          ; Fitter               ; -                    ; -                   ;
; mem_addr[2]        ; U1    ; 5A       ; 59           ; 23           ; 62           ; no              ; no                     ; no            ; 1         ; no              ; no         ; no            ; no       ; Off          ; 2.5 V        ; Default          ; Series 50 Ohm without Calibration ; --                        ; no                         ; no                          ; Fitter               ; -                    ; -                   ;
; mem_addr[3]        ; N6    ; 5A       ; 59           ; 23           ; 93           ; no              ; no                     ; no            ; 1         ; no              ; no         ; no            ; no       ; Off          ; 2.5 V        ; Default          ; Series 50 Ohm without Calibration ; --                        ; no                         ; no                          ; Fitter               ; -                    ; -                   ;
; mem_addr[4]        ; Y3    ; 5A       ; 59           ; 13           ; 62           ; no              ; no                     ; no            ; 1         ; no              ; no         ; no            ; no       ; Off          ; 2.5 V        ; Default          ; Series 50 Ohm without Calibration ; --                        ; no                         ; no                          ; Fitter               ; -                    ; -                   ;
; mem_addr[5]        ; AB2   ; 5A       ; 59           ; 13           ; 93           ; no              ; no                     ; no            ; 1         ; no              ; no         ; no            ; no       ; Off          ; 2.5 V        ; Default          ; Series 50 Ohm without Calibration ; --                        ; no                         ; no                          ; Fitter               ; -                    ; -                   ;
; mem_addr[6]        ; P3    ; 5A       ; 59           ; 26           ; 62           ; no              ; no                     ; no            ; 1         ; no              ; no         ; no            ; no       ; Off          ; 2.5 V        ; Default          ; Series 50 Ohm without Calibration ; --                        ; no                         ; no                          ; Fitter               ; -                    ; -                   ;
; mem_addr[7]        ; M5    ; 5A       ; 59           ; 26           ; 93           ; no              ; no                     ; no            ; 1         ; no              ; no         ; no            ; no       ; Off          ; 2.5 V        ; Default          ; Series 50 Ohm without Calibration ; --                        ; no                         ; no                          ; Fitter               ; -                    ; -                   ;
; mem_addr[8]        ; L3    ; 6A       ; 59           ; 28           ; 0            ; no              ; no                     ; no            ; 1         ; no              ; no         ; no            ; no       ; Off          ; 2.5 V        ; Default          ; Series 50 Ohm without Calibration ; --                        ; no                         ; no                          ; Fitter               ; -                    ; -                   ;
; mem_addr[9]        ; L6    ; 5A       ; 59           ; 26           ; 31           ; no              ; no                     ; no            ; 1         ; no              ; no         ; no            ; no       ; Off          ; 2.5 V        ; Default          ; Series 50 Ohm without Calibration ; --                        ; no                         ; no                          ; Fitter               ; -                    ; -                   ;
; mem_clk            ; AA15  ; 3A       ; 25           ; 0            ; 31           ; no              ; no                     ; no            ; 1         ; no              ; no         ; no            ; no       ; Off          ; 2.5 V        ; Default          ; Series 50 Ohm without Calibration ; --                        ; no                         ; no                          ; Fitter               ; -                    ; -                   ;
; mem_we             ; W12   ; 4A       ; 41           ; 0            ; 31           ; no              ; no                     ; no            ; 1         ; no              ; no         ; no            ; no       ; Off          ; 2.5 V        ; Default          ; Series 50 Ohm without Calibration ; --                        ; no                         ; no                          ; Fitter               ; -                    ; -                   ;
; mem_write_data[0]  ; AC17  ; 3A       ; 5            ; 0            ; 62           ; no              ; no                     ; no            ; 1         ; no              ; no         ; no            ; no       ; Off          ; 2.5 V        ; Default          ; Series 50 Ohm without Calibration ; --                        ; no                         ; no                          ; Fitter               ; -                    ; -                   ;
; mem_write_data[10] ; AE20  ; 3A       ; 15           ; 0            ; 0            ; no              ; no                     ; no            ; 1         ; no              ; no         ; no            ; no       ; Off          ; 2.5 V        ; Default          ; Series 50 Ohm without Calibration ; --                        ; no                         ; no                          ; Fitter               ; -                    ; -                   ;
; mem_write_data[11] ; AC24  ; 3A       ; 13           ; 0            ; 31           ; no              ; no                     ; no            ; 1         ; no              ; no         ; no            ; no       ; Off          ; 2.5 V        ; Default          ; Series 50 Ohm without Calibration ; --                        ; no                         ; no                          ; Fitter               ; -                    ; -                   ;
; mem_write_data[12] ; AD24  ; 3A       ; 13           ; 0            ; 93           ; no              ; no                     ; no            ; 1         ; no              ; no         ; no            ; no       ; Off          ; 2.5 V        ; Default          ; Series 50 Ohm without Calibration ; --                        ; no                         ; no                          ; Fitter               ; -                    ; -                   ;
; mem_write_data[13] ; AE22  ; 3A       ; 13           ; 0            ; 62           ; no              ; no                     ; no            ; 1         ; no              ; no         ; no            ; no       ; Off          ; 2.5 V        ; Default          ; Series 50 Ohm without Calibration ; --                        ; no                         ; no                          ; Fitter               ; -                    ; -                   ;
; mem_write_data[14] ; V24   ; 3A       ; 3            ; 0            ; 31           ; no              ; no                     ; no            ; 1         ; no              ; no         ; no            ; no       ; Off          ; 2.5 V        ; Default          ; Series 50 Ohm without Calibration ; --                        ; no                         ; no                          ; Fitter               ; -                    ; -                   ;
; mem_write_data[15] ; AC19  ; 3A       ; 3            ; 0            ; 0            ; no              ; no                     ; no            ; 1         ; no              ; no         ; no            ; no       ; Off          ; 2.5 V        ; Default          ; Series 50 Ohm without Calibration ; --                        ; no                         ; no                          ; Fitter               ; -                    ; -                   ;
; mem_write_data[16] ; AF20  ; 3A       ; 15           ; 0            ; 62           ; no              ; no                     ; no            ; 1         ; no              ; no         ; no            ; no       ; Off          ; 2.5 V        ; Default          ; Series 50 Ohm without Calibration ; --                        ; no                         ; no                          ; Fitter               ; -                    ; -                   ;
; mem_write_data[17] ; AH7   ; 4A       ; 32           ; 0            ; 31           ; no              ; no                     ; no            ; 1         ; no              ; no         ; no            ; no       ; Off          ; 2.5 V        ; Default          ; Series 50 Ohm without Calibration ; --                        ; no                         ; no                          ; Fitter               ; -                    ; -                   ;
; mem_write_data[18] ; W21   ; 3A       ; 7            ; 0            ; 31           ; no              ; no                     ; no            ; 1         ; no              ; no         ; no            ; no       ; Off          ; 2.5 V        ; Default          ; Series 50 Ohm without Calibration ; --                        ; no                         ; no                          ; Fitter               ; -                    ; -                   ;
; mem_write_data[19] ; AB19  ; 3A       ; 3            ; 0            ; 62           ; no              ; no                     ; no            ; 1         ; no              ; no         ; no            ; no       ; Off          ; 2.5 V        ; Default          ; Series 50 Ohm without Calibration ; --                        ; no                         ; no                          ; Fitter               ; -                    ; -                   ;
; mem_write_data[1]  ; Y20   ; 3A       ; 11           ; 0            ; 93           ; no              ; no                     ; no            ; 1         ; no              ; no         ; no            ; no       ; Off          ; 2.5 V        ; Default          ; Series 50 Ohm without Calibration ; --                        ; no                         ; no                          ; Fitter               ; -                    ; -                   ;
; mem_write_data[20] ; AH9   ; 4A       ; 32           ; 0            ; 62           ; no              ; no                     ; no            ; 1         ; no              ; no         ; no            ; no       ; Off          ; 2.5 V        ; Default          ; Series 50 Ohm without Calibration ; --                        ; no                         ; no                          ; Fitter               ; -                    ; -                   ;
; mem_write_data[21] ; AF18  ; 3A       ; 16           ; 0            ; 93           ; no              ; no                     ; no            ; 1         ; no              ; no         ; no            ; no       ; Off          ; 2.5 V        ; Default          ; Series 50 Ohm without Calibration ; --                        ; no                         ; no                          ; Fitter               ; -                    ; -                   ;
; mem_write_data[22] ; E18   ; 8A       ; 5            ; 56           ; 62           ; no              ; no                     ; no            ; 1         ; no              ; no         ; no            ; no       ; Off          ; 2.5 V        ; Default          ; Series 50 Ohm without Calibration ; --                        ; no                         ; no                          ; Fitter               ; -                    ; -                   ;
; mem_write_data[23] ; AD15  ; 3A       ; 19           ; 0            ; 93           ; no              ; no                     ; no            ; 1         ; no              ; no         ; no            ; no       ; Off          ; 2.5 V        ; Default          ; Series 50 Ohm without Calibration ; --                        ; no                         ; no                          ; Fitter               ; -                    ; -                   ;
; mem_write_data[24] ; AF17  ; 3A       ; 18           ; 0            ; 62           ; no              ; no                     ; no            ; 1         ; no              ; no         ; no            ; no       ; Off          ; 2.5 V        ; Default          ; Series 50 Ohm without Calibration ; --                        ; no                         ; no                          ; Fitter               ; -                    ; -                   ;
; mem_write_data[25] ; AC23  ; 3A       ; 11           ; 0            ; 62           ; no              ; no                     ; no            ; 1         ; no              ; no         ; no            ; no       ; Off          ; 2.5 V        ; Default          ; Series 50 Ohm without Calibration ; --                        ; no                         ; no                          ; Fitter               ; -                    ; -                   ;
; mem_write_data[26] ; AC21  ; 3A       ; 5            ; 0            ; 31           ; no              ; no                     ; no            ; 1         ; no              ; no         ; no            ; no       ; Off          ; 2.5 V        ; Default          ; Series 50 Ohm without Calibration ; --                        ; no                         ; no                          ; Fitter               ; -                    ; -                   ;
; mem_write_data[27] ; AC22  ; 3A       ; 11           ; 0            ; 0            ; no              ; no                     ; no            ; 1         ; no              ; no         ; no            ; no       ; Off          ; 2.5 V        ; Default          ; Series 50 Ohm without Calibration ; --                        ; no                         ; no                          ; Fitter               ; -                    ; -                   ;
; mem_write_data[28] ; AD18  ; 3A       ; 9            ; 0            ; 62           ; no              ; no                     ; no            ; 1         ; no              ; no         ; no            ; no       ; Off          ; 2.5 V        ; Default          ; Series 50 Ohm without Calibration ; --                        ; no                         ; no                          ; Fitter               ; -                    ; -                   ;
; mem_write_data[29] ; AD23  ; 3A       ; 9            ; 0            ; 93           ; no              ; no                     ; no            ; 1         ; no              ; no         ; no            ; no       ; Off          ; 2.5 V        ; Default          ; Series 50 Ohm without Calibration ; --                        ; no                         ; no                          ; Fitter               ; -                    ; -                   ;
; mem_write_data[2]  ; AC18  ; 3A       ; 9            ; 0            ; 0            ; no              ; no                     ; no            ; 1         ; no              ; no         ; no            ; no       ; Off          ; 2.5 V        ; Default          ; Series 50 Ohm without Calibration ; --                        ; no                         ; no                          ; Fitter               ; -                    ; -                   ;
; mem_write_data[30] ; AD21  ; 3A       ; 5            ; 0            ; 93           ; no              ; no                     ; no            ; 1         ; no              ; no         ; no            ; no       ; Off          ; 2.5 V        ; Default          ; Series 50 Ohm without Calibration ; --                        ; no                         ; no                          ; Fitter               ; -                    ; -                   ;
; mem_write_data[31] ; AB17  ; 3A       ; 5            ; 0            ; 0            ; no              ; no                     ; no            ; 1         ; no              ; no         ; no            ; no       ; Off          ; 2.5 V        ; Default          ; Series 50 Ohm without Calibration ; --                        ; no                         ; no                          ; Fitter               ; -                    ; -                   ;
; mem_write_data[3]  ; AD22  ; 3A       ; 9            ; 0            ; 31           ; no              ; no                     ; no            ; 1         ; no              ; no         ; no            ; no       ; Off          ; 2.5 V        ; Default          ; Series 50 Ohm without Calibration ; --                        ; no                         ; no                          ; Fitter               ; -                    ; -                   ;
; mem_write_data[4]  ; Y22   ; 3A       ; 7            ; 0            ; 93           ; no              ; no                     ; no            ; 1         ; no              ; no         ; no            ; no       ; Off          ; 2.5 V        ; Default          ; Series 50 Ohm without Calibration ; --                        ; no                         ; no                          ; Fitter               ; -                    ; -                   ;
; mem_write_data[5]  ; Y19   ; 3A       ; 11           ; 0            ; 31           ; no              ; no                     ; no            ; 1         ; no              ; no         ; no            ; no       ; Off          ; 2.5 V        ; Default          ; Series 50 Ohm without Calibration ; --                        ; no                         ; no                          ; Fitter               ; -                    ; -                   ;
; mem_write_data[6]  ; U24   ; 3A       ; 3            ; 0            ; 93           ; no              ; no                     ; no            ; 1         ; no              ; no         ; no            ; no       ; Off          ; 2.5 V        ; Default          ; Series 50 Ohm without Calibration ; --                        ; no                         ; no                          ; Fitter               ; -                    ; -                   ;
; mem_write_data[7]  ; AC16  ; 3A       ; 7            ; 0            ; 62           ; no              ; no                     ; no            ; 1         ; no              ; no         ; no            ; no       ; Off          ; 2.5 V        ; Default          ; Series 50 Ohm without Calibration ; --                        ; no                         ; no                          ; Fitter               ; -                    ; -                   ;
; mem_write_data[8]  ; AE17  ; 3A       ; 18           ; 0            ; 0            ; no              ; no                     ; no            ; 1         ; no              ; no         ; no            ; no       ; Off          ; 2.5 V        ; Default          ; Series 50 Ohm without Calibration ; --                        ; no                         ; no                          ; Fitter               ; -                    ; -                   ;
; mem_write_data[9]  ; AE21  ; 3A       ; 13           ; 0            ; 0            ; no              ; no                     ; no            ; 1         ; no              ; no         ; no            ; no       ; Off          ; 2.5 V        ; Default          ; Series 50 Ohm without Calibration ; --                        ; no                         ; no                          ; Fitter               ; -                    ; -                   ;
+--------------------+-------+----------+--------------+--------------+--------------+-----------------+------------------------+---------------+-----------+-----------------+------------+---------------+----------+--------------+--------------+------------------+-----------------------------------+---------------------------+----------------------------+-----------------------------+----------------------+----------------------+---------------------+


+----------------------------------------------------------------------------------------------------------------------------+
; Dual Purpose and Dedicated Pins                                                                                            ;
+----------+---------------------------------------+------------------------+--------------------+---------------------------+
; Location ; Pin Name                              ; Reserved As            ; User Signal Name   ; Pin Type                  ;
+----------+---------------------------------------+------------------------+--------------------+---------------------------+
; AA24     ; nCONFIG                               ; -                      ; -                  ; Dedicated Programming Pin ;
; AA23     ; CONF_DONE                             ; -                      ; -                  ; Dedicated Programming Pin ;
; AB24     ; MSEL3                                 ; -                      ; -                  ; Dedicated Programming Pin ;
; Y24      ; MSEL2                                 ; -                      ; -                  ; Dedicated Programming Pin ;
; Y23      ; MSEL1                                 ; -                      ; -                  ; Dedicated Programming Pin ;
; W24      ; MSEL0                                 ; -                      ; -                  ; Dedicated Programming Pin ;
; W23      ; nSTATUS                               ; -                      ; -                  ; Dedicated Programming Pin ;
; AB22     ; nIO_PULLUP                            ; -                      ; -                  ; Dedicated Programming Pin ;
; AA22     ; nCE                                   ; -                      ; -                  ; Dedicated Programming Pin ;
; AB17     ; DIFFIO_RX_B1p, DIFFOUT_B1p, INIT_DONE ; Use as regular IO      ; mem_write_data[31] ; Dual Purpose Pin          ;
; AB16     ; DIFFIO_RX_B2p, DIFFOUT_B2p, nCEO      ; Use as programming pin ; ~ALTERA_nCEO~      ; Dual Purpose Pin          ;
; J22      ; ASDO                                  ; -                      ; -                  ; Dedicated Programming Pin ;
; H22      ; nCSO                                  ; -                      ; -                  ; Dedicated Programming Pin ;
; K22      ; DATA0                                 ; -                      ; -                  ; Dedicated Programming Pin ;
; K24      ; DCLK                                  ; -                      ; -                  ; Dedicated Programming Pin ;
+----------+---------------------------------------+------------------------+--------------------+---------------------------+


+----------------------------------------------------------------------------+
; I/O Bank Usage                                                             ;
+----------+------------------+---------------+--------------+---------------+
; I/O Bank ; Usage            ; VCCIO Voltage ; VREF Voltage ; VCCPD Voltage ;
+----------+------------------+---------------+--------------+---------------+
; QL1      ; 0 / 20 ( 0 % )   ; --            ; --           ; --            ;
; QL0      ; 0 / 20 ( 0 % )   ; --            ; --           ; --            ;
; 3C       ; 0 / 0 ( -- )     ; 2.5V          ; --           ; 2.5V          ;
; 3A       ; 33 / 54 ( 61 % ) ; 2.5V          ; --           ; 2.5V          ;
; 4A       ; 10 / 70 ( 14 % ) ; 2.5V          ; --           ; 2.5V          ;
; 5A       ; 64 / 66 ( 97 % ) ; 2.5V          ; --           ; 2.5V          ;
; 6A       ; 11 / 50 ( 22 % ) ; 2.5V          ; --           ; 2.5V          ;
; 7A       ; 0 / 70 ( 0 % )   ; 2.5V          ; --           ; 2.5V          ;
; 8A       ; 1 / 54 ( 2 % )   ; 2.5V          ; --           ; 2.5V          ;
; 8C       ; 0 / 0 ( -- )     ; 2.5V          ; --           ; 2.5V          ;
+----------+------------------+---------------+--------------+---------------+


+--------------------------------------------------------------------------------------------------------------------------------------------------------------------------+
; All Package Pins                                                                                                                                                         ;
+----------+------------+----------+--------------------------------------------+--------+--------------+---------+------------+-----------------+----------+--------------+
; Location ; Pad Number ; I/O Bank ; Pin Name/Usage                             ; Dir.   ; I/O Standard ; Voltage ; I/O Type   ; User Assignment ; Bus Hold ; Weak Pull Up ;
+----------+------------+----------+--------------------------------------------+--------+--------------+---------+------------+-----------------+----------+--------------+
; A2       ; 291        ; 6A       ; RESERVED_INPUT_WITH_WEAK_PULLUP            ;        ;              ;         ; Row I/O    ;                 ; no       ; On           ;
; A3       ; 323        ; 7A       ; RESERVED_INPUT_WITH_WEAK_PULLUP            ;        ;              ;         ; Column I/O ;                 ; no       ; On           ;
; A4       ; 324        ; 7A       ; RESERVED_INPUT_WITH_WEAK_PULLUP            ;        ;              ;         ; Column I/O ;                 ; no       ; On           ;
; A5       ; 322        ; 7A       ; RESERVED_INPUT_WITH_WEAK_PULLUP            ;        ;              ;         ; Column I/O ;                 ; no       ; On           ;
; A6       ; 359        ; 7A       ; RESERVED_INPUT_WITH_WEAK_PULLUP            ;        ;              ;         ; Column I/O ;                 ; no       ; On           ;
; A7       ; 364        ; 7A       ; RESERVED_INPUT_WITH_WEAK_PULLUP            ;        ;              ;         ; Column I/O ;                 ; no       ; On           ;
; A8       ; 362        ; 7A       ; RESERVED_INPUT_WITH_WEAK_PULLUP            ;        ;              ;         ; Column I/O ;                 ; no       ; On           ;
; A9       ; 363        ; 7A       ; RESERVED_INPUT_WITH_WEAK_PULLUP            ;        ;              ;         ; Column I/O ;                 ; no       ; On           ;
; A10      ; 361        ; 7A       ; RESERVED_INPUT_WITH_WEAK_PULLUP            ;        ;              ;         ; Column I/O ;                 ; no       ; On           ;
; A11      ; 367        ; 7A       ; RESERVED_INPUT_WITH_WEAK_PULLUP            ;        ;              ;         ; Column I/O ;                 ; no       ; On           ;
; A12      ; 371        ; 7A       ; RESERVED_INPUT_WITH_WEAK_PULLUP            ;        ;              ;         ; Column I/O ;                 ; no       ; On           ;
; A13      ; 369        ; 7A       ; RESERVED_INPUT_WITH_WEAK_PULLUP            ;        ;              ;         ; Column I/O ;                 ; no       ; On           ;
; A14      ; 372        ; 7A       ; RESERVED_INPUT_WITH_WEAK_PULLUP            ;        ;              ;         ; Column I/O ;                 ; no       ; On           ;
; A15      ; 370        ; 7A       ; RESERVED_INPUT_WITH_WEAK_PULLUP            ;        ;              ;         ; Column I/O ;                 ; no       ; On           ;
; A16      ; 384        ; 8A       ; RESERVED_INPUT_WITH_WEAK_PULLUP            ;        ;              ;         ; Column I/O ;                 ; no       ; On           ;
; A17      ; 383        ; 8A       ; RESERVED_INPUT_WITH_WEAK_PULLUP            ;        ;              ;         ; Column I/O ;                 ; no       ; On           ;
; A18      ; 381        ; 8A       ; RESERVED_INPUT_WITH_WEAK_PULLUP            ;        ;              ;         ; Column I/O ;                 ; no       ; On           ;
; A19      ; 391        ; 8A       ; RESERVED_INPUT_WITH_WEAK_PULLUP            ;        ;              ;         ; Column I/O ;                 ; no       ; On           ;
; A20      ; 389        ; 8A       ; RESERVED_INPUT_WITH_WEAK_PULLUP            ;        ;              ;         ; Column I/O ;                 ; no       ; On           ;
; A21      ;            ;          ; GND                                        ; gnd    ;              ;         ; --         ;                 ; --       ; --           ;
; A22      ;            ;          ; NC                                         ;        ;              ;         ; --         ;                 ; --       ; --           ;
; A23      ;            ;          ; GND                                        ; gnd    ;              ;         ; --         ;                 ; --       ; --           ;
; A24      ;            ;          ; NC                                         ;        ;              ;         ; --         ;                 ; --       ; --           ;
; A25      ;            ;          ; GND                                        ; gnd    ;              ;         ; --         ;                 ; --       ; --           ;
; A26      ;            ;          ; NC                                         ;        ;              ;         ; --         ;                 ; --       ; --           ;
; A27      ;            ;          ; GND                                        ; gnd    ;              ;         ; --         ;                 ; --       ; --           ;
; AA1      ; 206        ; 5A       ; output_addr[13]                            ; input  ; 2.5 V        ;         ; Row I/O    ; N               ; no       ; Off          ;
; AA2      ;            ;          ; GND                                        ; gnd    ;              ;         ; --         ;                 ; --       ; --           ;
; AA3      ; 190        ; 5A       ; mem_read_data[16]                          ; input  ; 2.5 V        ;         ; Row I/O    ; N               ; no       ; Off          ;
; AA4      ; 192        ; 5A       ; mem_read_data[17]                          ; input  ; 2.5 V        ;         ; Row I/O    ; N               ; no       ; Off          ;
; AA5      ;            ;          ; GND                                        ; gnd    ;              ;         ; --         ;                 ; --       ; --           ;
; AA6      ; 173        ; 5A       ; mem_addr[13]                               ; output ; 2.5 V        ;         ; Row I/O    ; N               ; no       ; Off          ;
; AA7      ;            ;          ; VCCD_PLL_3                                 ; power  ;              ; 0.9V    ; --         ;                 ; --       ; --           ;
; AA8      ;            ;          ; GND                                        ; gnd    ;              ;         ; --         ;                 ; --       ; --           ;
; AA9      ;            ;          ; NC                                         ;        ;              ;         ; --         ;                 ; --       ; --           ;
; AA10     ; 165        ; 4A       ; RESERVED_INPUT_WITH_WEAK_PULLUP            ;        ;              ;         ; Column I/O ;                 ; no       ; On           ;
; AA11     ;            ;          ; GND                                        ; gnd    ;              ;         ; --         ;                 ; --       ; --           ;
; AA12     ;            ; 4A       ; VCCPD4A                                    ; power  ;              ; 2.5V    ; --         ;                 ; --       ; --           ;
; AA13     ;            ; 4A       ; VCCPD4A                                    ; power  ;              ; 2.5V    ; --         ;                 ; --       ; --           ;
; AA14     ;            ;          ; GND                                        ; gnd    ;              ;         ; --         ;                 ; --       ; --           ;
; AA15     ; 99         ; 3A       ; mem_clk                                    ; output ; 2.5 V        ;         ; Column I/O ; N               ; no       ; Off          ;
; AA16     ; 81         ; 3A       ; RESERVED_INPUT_WITH_WEAK_PULLUP            ;        ;              ;         ; Column I/O ;                 ; no       ; On           ;
; AA17     ;            ;          ; GND                                        ; gnd    ;              ;         ; --         ;                 ; --       ; --           ;
; AA18     ;            ; 3A       ; VCCPD3A                                    ; power  ;              ; 2.5V    ; --         ;                 ; --       ; --           ;
; AA19     ; 89         ; 3A       ; RESERVED_INPUT_WITH_WEAK_PULLUP            ;        ;              ;         ; Column I/O ;                 ; no       ; On           ;
; AA20     ;            ;          ; GND                                        ; gnd    ;              ;         ; --         ;                 ; --       ; --           ;
; AA21     ;            ;          ; VCCD_PLL_4                                 ; power  ;              ; 0.9V    ; --         ;                 ; --       ; --           ;
; AA22     ; 48         ; 3C       ; ^nCE                                       ;        ;              ;         ; --         ;                 ; --       ; --           ;
; AA23     ; 41         ; 3C       ; ^CONF_DONE                                 ;        ;              ;         ; --         ;                 ; --       ; --           ;
; AA24     ; 40         ; 3C       ; ^nCONFIG                                   ;        ;              ;         ; --         ;                 ; --       ; --           ;
; AA25     ;            ;          ; GND                                        ; gnd    ;              ;         ; --         ;                 ; --       ; --           ;
; AA26     ;            ;          ; GND                                        ; gnd    ;              ;         ; --         ;                 ; --       ; --           ;
; AA27     ; 23         ; QL0      ; GXB_GND*                                   ;        ;              ;         ; --         ;                 ; --       ; --           ;
; AA28     ; 22         ; QL0      ; GXB_GND*                                   ;        ;              ;         ; --         ;                 ; --       ; --           ;
; AB1      ; 207        ; 5A       ; message_addr[10]                           ; input  ; 2.5 V        ;         ; Row I/O    ; N               ; no       ; Off          ;
; AB2      ; 197        ; 5A       ; mem_addr[5]                                ; output ; 2.5 V        ;         ; Row I/O    ; N               ; no       ; Off          ;
; AB3      ; 199        ; 5A       ; output_addr[0]                             ; input  ; 2.5 V        ;         ; Row I/O    ; N               ; no       ; Off          ;
; AB4      ; 183        ; 5A       ; mem_read_data[4]                           ; input  ; 2.5 V        ;         ; Row I/O    ; N               ; no       ; Off          ;
; AB5      ; 178        ; 5A       ; mem_read_data[31]                          ; input  ; 2.5 V        ;         ; Row I/O    ; N               ; no       ; Off          ;
; AB6      ; 180        ; 5A       ; mem_read_data[22]                          ; input  ; 2.5 V        ;         ; Row I/O    ; N               ; no       ; Off          ;
; AB7      ; 175        ; 5A       ; mem_read_data[11]                          ; input  ; 2.5 V        ;         ; Row I/O    ; N               ; no       ; Off          ;
; AB8      ;            ;          ; NC                                         ;        ;              ;         ; --         ;                 ; --       ; --           ;
; AB9      ;            ;          ; NC                                         ;        ;              ;         ; --         ;                 ; --       ; --           ;
; AB10     ; 171        ; 4A       ; RESERVED_INPUT_WITH_WEAK_PULLUP            ;        ;              ;         ; Column I/O ;                 ; no       ; On           ;
; AB11     ; 151        ; 4A       ; RESERVED_INPUT_WITH_WEAK_PULLUP            ;        ;              ;         ; Column I/O ;                 ; no       ; On           ;
; AB12     ;            ; 4A       ; VREFB4AN0                                  ; power  ;              ;         ; --         ;                 ; --       ; --           ;
; AB13     ; 127        ; 4A       ; RESERVED_INPUT_WITH_WEAK_PULLUP            ;        ;              ;         ; Column I/O ;                 ; no       ; On           ;
; AB14     ; 119        ; 4A       ; RESERVED_INPUT_WITH_WEAK_PULLUP            ;        ;              ;         ; Column I/O ;                 ; no       ; On           ;
; AB15     ; 97         ; 3A       ; RESERVED_INPUT_WITH_WEAK_PULLUP            ;        ;              ;         ; Column I/O ;                 ; no       ; On           ;
; AB16     ; 60         ; 3A       ; ~ALTERA_nCEO~ / RESERVED_OUTPUT_OPEN_DRAIN ; output ; 2.5 V        ;         ; Column I/O ; N               ; no       ; Off          ;
; AB17     ; 56         ; 3A       ; mem_write_data[31]                         ; output ; 2.5 V        ;         ; Column I/O ; N               ; no       ; Off          ;
; AB18     ;            ; 3A       ; VCCPD3A                                    ; power  ;              ; 2.5V    ; --         ;                 ; --       ; --           ;
; AB19     ; 50         ; 3A       ; mem_write_data[19]                         ; output ; 2.5 V        ;         ; Column I/O ; N               ; no       ; Off          ;
; AB20     ;            ;          ; VCCA_PLL_4                                 ; power  ;              ; 2.5V    ; --         ;                 ; --       ; --           ;
; AB21     ;            ;          ; GND                                        ; gnd    ;              ;         ; --         ;                 ; --       ; --           ;
; AB22     ; 47         ; 3C       ; ^nIO_PULLUP                                ;        ;              ;         ; --         ;                 ; --       ; --           ;
; AB23     ;            ;          ; GND                                        ; gnd    ;              ;         ; --         ;                 ; --       ; --           ;
; AB24     ; 42         ; 3C       ; ^MSEL3                                     ;        ;              ;         ; --         ;                 ; --       ; --           ;
; AB25     ; 25         ; QL0      ; GXB_NC                                     ;        ;              ;         ; --         ;                 ; --       ; --           ;
; AB26     ; 24         ; QL0      ; GXB_NC                                     ;        ;              ;         ; --         ;                 ; --       ; --           ;
; AB27     ;            ;          ; GND                                        ; gnd    ;              ;         ; --         ;                 ; --       ; --           ;
; AB28     ;            ;          ; GND                                        ; gnd    ;              ;         ; --         ;                 ; --       ; --           ;
; AC1      ; 205        ; 5A       ; message_addr[1]                            ; input  ; 2.5 V        ;         ; Row I/O    ; N               ; no       ; Off          ;
; AC2      ; 189        ; 5A       ; mem_read_data[19]                          ; input  ; 2.5 V        ;         ; Row I/O    ; N               ; no       ; Off          ;
; AC3      ; 191        ; 5A       ; mem_read_data[15]                          ; input  ; 2.5 V        ;         ; Row I/O    ; N               ; no       ; Off          ;
; AC4      ; 181        ; 5A       ; mem_read_data[12]                          ; input  ; 2.5 V        ;         ; Row I/O    ; N               ; no       ; Off          ;
; AC5      ; 176        ; 5A       ; mem_read_data[25]                          ; input  ; 2.5 V        ;         ; Row I/O    ; N               ; no       ; Off          ;
; AC6      ; 163        ; 4A       ; RESERVED_INPUT_WITH_WEAK_PULLUP            ;        ;              ;         ; Column I/O ;                 ; no       ; On           ;
; AC7      ; 172        ; 4A       ; RESERVED_INPUT_WITH_WEAK_PULLUP            ;        ;              ;         ; Column I/O ;                 ; no       ; On           ;
; AC8      ;            ;          ; NC                                         ;        ;              ;         ; --         ;                 ; --       ; --           ;
; AC9      ; 168        ; 4A       ; RESERVED_INPUT_WITH_WEAK_PULLUP            ;        ;              ;         ; Column I/O ;                 ; no       ; On           ;
; AC10     ; 169        ; 4A       ; RESERVED_INPUT_WITH_WEAK_PULLUP            ;        ;              ;         ; Column I/O ;                 ; no       ; On           ;
; AC11     ; 149        ; 4A       ; RESERVED_INPUT_WITH_WEAK_PULLUP            ;        ;              ;         ; Column I/O ;                 ; no       ; On           ;
; AC12     ; 147        ; 4A       ; RESERVED_INPUT_WITH_WEAK_PULLUP            ;        ;              ;         ; Column I/O ;                 ; no       ; On           ;
; AC13     ; 125        ; 4A       ; mem_read_data[30]                          ; input  ; 2.5 V        ;         ; Column I/O ; N               ; no       ; Off          ;
; AC14     ; 117        ; 4A       ; RESERVED_INPUT_WITH_WEAK_PULLUP            ;        ;              ;         ; Column I/O ;                 ; no       ; On           ;
; AC15     ; 87         ; 3A       ; RESERVED_INPUT_WITH_WEAK_PULLUP            ;        ;              ;         ; Column I/O ;                 ; no       ; On           ;
; AC16     ; 58         ; 3A       ; mem_write_data[7]                          ; output ; 2.5 V        ;         ; Column I/O ; N               ; no       ; Off          ;
; AC17     ; 54         ; 3A       ; mem_write_data[0]                          ; output ; 2.5 V        ;         ; Column I/O ; N               ; no       ; Off          ;
; AC18     ; 64         ; 3A       ; mem_write_data[2]                          ; output ; 2.5 V        ;         ; Column I/O ; N               ; no       ; Off          ;
; AC19     ; 52         ; 3A       ; mem_write_data[15]                         ; output ; 2.5 V        ;         ; Column I/O ; N               ; no       ; Off          ;
; AC20     ;            ; 3C       ; VCCIO3C                                    ; power  ;              ; 2.5V    ; --         ;                 ; --       ; --           ;
; AC21     ; 55         ; 3A       ; mem_write_data[26]                         ; output ; 2.5 V        ;         ; Column I/O ; N               ; no       ; Off          ;
; AC22     ; 68         ; 3A       ; mem_write_data[27]                         ; output ; 2.5 V        ;         ; Column I/O ; N               ; no       ; Off          ;
; AC23     ; 66         ; 3A       ; mem_write_data[25]                         ; output ; 2.5 V        ;         ; Column I/O ; N               ; no       ; Off          ;
; AC24     ; 71         ; 3A       ; mem_write_data[11]                         ; output ; 2.5 V        ;         ; Column I/O ; N               ; no       ; Off          ;
; AC25     ;            ;          ; GND                                        ; gnd    ;              ;         ; --         ;                 ; --       ; --           ;
; AC26     ;            ;          ; GND                                        ; gnd    ;              ;         ; --         ;                 ; --       ; --           ;
; AC27     ; 27         ; QL0      ; GXB_GND*                                   ;        ;              ;         ; --         ;                 ; --       ; --           ;
; AC28     ; 26         ; QL0      ; GXB_GND*                                   ;        ;              ;         ; --         ;                 ; --       ; --           ;
; AD1      ; 204        ; 5A       ; output_addr[6]                             ; input  ; 2.5 V        ;         ; Row I/O    ; N               ; no       ; Off          ;
; AD2      ;            ;          ; GND                                        ; gnd    ;              ;         ; --         ;                 ; --       ; --           ;
; AD3      ; 188        ; 5A       ; mem_read_data[9]                           ; input  ; 2.5 V        ;         ; Row I/O    ; N               ; no       ; Off          ;
; AD4      ; 174        ; 5A       ; mem_read_data[27]                          ; input  ; 2.5 V        ;         ; Row I/O    ; N               ; no       ; Off          ;
; AD5      ;            ;          ; GND                                        ; gnd    ;              ;         ; --         ;                 ; --       ; --           ;
; AD6      ; 161        ; 4A       ; RESERVED_INPUT_WITH_WEAK_PULLUP            ;        ;              ;         ; Column I/O ;                 ; no       ; On           ;
; AD7      ; 170        ; 4A       ; RESERVED_INPUT_WITH_WEAK_PULLUP            ;        ;              ;         ; Column I/O ;                 ; no       ; On           ;
; AD8      ;            ;          ; GND                                        ; gnd    ;              ;         ; --         ;                 ; --       ; --           ;
; AD9      ; 166        ; 4A       ; RESERVED_INPUT_WITH_WEAK_PULLUP            ;        ;              ;         ; Column I/O ;                 ; no       ; On           ;
; AD10     ;            ; 4A       ; VCCIO4A                                    ; power  ;              ; 2.5V    ; --         ;                 ; --       ; --           ;
; AD11     ;            ;          ; GND                                        ; gnd    ;              ;         ; --         ;                 ; --       ; --           ;
; AD12     ; 145        ; 4A       ; RESERVED_INPUT_WITH_WEAK_PULLUP            ;        ;              ;         ; Column I/O ;                 ; no       ; On           ;
; AD13     ;            ; 4A       ; VCCIO4A                                    ; power  ;              ; 2.5V    ; --         ;                 ; --       ; --           ;
; AD14     ;            ;          ; GND                                        ; gnd    ;              ;         ; --         ;                 ; --       ; --           ;
; AD15     ; 85         ; 3A       ; mem_write_data[23]                         ; output ; 2.5 V        ;         ; Column I/O ; N               ; no       ; Off          ;
; AD16     ;            ; 3A       ; VCCIO3A                                    ; power  ;              ; 2.5V    ; --         ;                 ; --       ; --           ;
; AD17     ;            ;          ; GND                                        ; gnd    ;              ;         ; --         ;                 ; --       ; --           ;
; AD18     ; 62         ; 3A       ; mem_write_data[28]                         ; output ; 2.5 V        ;         ; Column I/O ; N               ; no       ; Off          ;
; AD19     ;            ; 3A       ; VCCIO3A                                    ; power  ;              ; 2.5V    ; --         ;                 ; --       ; --           ;
; AD20     ;            ;          ; GND                                        ; gnd    ;              ;         ; --         ;                 ; --       ; --           ;
; AD21     ; 53         ; 3A       ; mem_write_data[30]                         ; output ; 2.5 V        ;         ; Column I/O ; N               ; no       ; Off          ;
; AD22     ; 63         ; 3A       ; mem_write_data[3]                          ; output ; 2.5 V        ;         ; Column I/O ; N               ; no       ; Off          ;
; AD23     ; 61         ; 3A       ; mem_write_data[29]                         ; output ; 2.5 V        ;         ; Column I/O ; N               ; no       ; Off          ;
; AD24     ; 69         ; 3A       ; mem_write_data[12]                         ; output ; 2.5 V        ;         ; Column I/O ; N               ; no       ; Off          ;
; AD25     ; 29         ; QL0      ; GXB_GND*                                   ;        ;              ;         ; Row I/O    ;                 ; --       ; --           ;
; AD26     ; 28         ; QL0      ; GXB_GND*                                   ;        ;              ;         ; Row I/O    ;                 ; --       ; --           ;
; AD27     ;            ;          ; GND                                        ; gnd    ;              ;         ; --         ;                 ; --       ; --           ;
; AD28     ;            ;          ; GND                                        ; gnd    ;              ;         ; --         ;                 ; --       ; --           ;
; AE1      ; 202        ; 5A       ; output_addr[14]                            ; input  ; 2.5 V        ;         ; Row I/O    ; N               ; no       ; Off          ;
; AE2      ;            ; 5A       ; VCCIO5A                                    ; power  ;              ; 2.5V    ; --         ;                 ; --       ; --           ;
; AE3      ; 186        ; 5A       ; mem_read_data[6]                           ; input  ; 2.5 V        ;         ; Row I/O    ; N               ; no       ; Off          ;
; AE4      ; 156        ; 4A       ; RESERVED_INPUT_WITH_WEAK_PULLUP            ;        ;              ;         ; Column I/O ;                 ; no       ; On           ;
; AE5      ; 148        ; 4A       ; RESERVED_INPUT_WITH_WEAK_PULLUP            ;        ;              ;         ; Column I/O ;                 ; no       ; On           ;
; AE6      ; 144        ; 4A       ; mem_read_data[5]                           ; input  ; 2.5 V        ;         ; Column I/O ; N               ; no       ; Off          ;
; AE7      ; 140        ; 4A       ; RESERVED_INPUT_WITH_WEAK_PULLUP            ;        ;              ;         ; Column I/O ;                 ; no       ; On           ;
; AE8      ; 139        ; 4A       ; RESERVED_INPUT_WITH_WEAK_PULLUP            ;        ;              ;         ; Column I/O ;                 ; no       ; On           ;
; AE9      ; 136        ; 4A       ; mem_read_data[0]                           ; input  ; 2.5 V        ;         ; Column I/O ; N               ; no       ; Off          ;
; AE10     ; 131        ; 4A       ; RESERVED_INPUT_WITH_WEAK_PULLUP            ;        ;              ;         ; Column I/O ;                 ; no       ; On           ;
; AE11     ; 132        ; 4A       ; RESERVED_INPUT_WITH_WEAK_PULLUP            ;        ;              ;         ; Column I/O ;                 ; no       ; On           ;
; AE12     ; 128        ; 4A       ; RESERVED_INPUT_WITH_WEAK_PULLUP            ;        ;              ;         ; Column I/O ;                 ; no       ; On           ;
; AE13     ; 124        ; 4A       ; RESERVED_INPUT_WITH_WEAK_PULLUP            ;        ;              ;         ; Column I/O ;                 ; no       ; On           ;
; AE14     ; 104        ; 4A       ; GND+                                       ;        ;              ;         ; Column I/O ;                 ; --       ; --           ;
; AE15     ; 103        ; 3A       ; clk                                        ; input  ; 2.5 V        ;         ; Column I/O ; N               ; no       ; Off          ;
; AE16     ; 88         ; 3A       ; RESERVED_INPUT_WITH_WEAK_PULLUP            ;        ;              ;         ; Column I/O ;                 ; no       ; On           ;
; AE17     ; 84         ; 3A       ; mem_write_data[8]                          ; output ; 2.5 V        ;         ; Column I/O ; N               ; no       ; Off          ;
; AE18     ; 79         ; 3A       ; RESERVED_INPUT_WITH_WEAK_PULLUP            ;        ;              ;         ; Column I/O ;                 ; no       ; On           ;
; AE19     ; 80         ; 3A       ; RESERVED_INPUT_WITH_WEAK_PULLUP            ;        ;              ;         ; Column I/O ;                 ; no       ; On           ;
; AE20     ; 76         ; 3A       ; mem_write_data[10]                         ; output ; 2.5 V        ;         ; Column I/O ; N               ; no       ; Off          ;
; AE21     ; 72         ; 3A       ; mem_write_data[9]                          ; output ; 2.5 V        ;         ; Column I/O ; N               ; no       ; Off          ;
; AE22     ; 70         ; 3A       ; mem_write_data[13]                         ; output ; 2.5 V        ;         ; Column I/O ; N               ; no       ; Off          ;
; AE23     ;            ;          ; GND                                        ; gnd    ;              ;         ; --         ;                 ; --       ; --           ;
; AE24     ; 37         ; QL0      ; GXB_NC                                     ;        ;              ;         ; --         ;                 ; --       ; --           ;
; AE25     ;            ;          ; GND                                        ; gnd    ;              ;         ; --         ;                 ; --       ; --           ;
; AE26     ;            ;          ; GND                                        ; gnd    ;              ;         ; --         ;                 ; --       ; --           ;
; AE27     ; 31         ; QL0      ; GXB_GND*                                   ;        ;              ;         ; Row I/O    ;                 ; --       ; --           ;
; AE28     ; 30         ; QL0      ; GXB_GND*                                   ;        ;              ;         ; Row I/O    ;                 ; --       ; --           ;
; AF1      ; 164        ; 4A       ; RESERVED_INPUT_WITH_WEAK_PULLUP            ;        ;              ;         ; Column I/O ;                 ; no       ; On           ;
; AF2      ; 160        ; 4A       ; RESERVED_INPUT_WITH_WEAK_PULLUP            ;        ;              ;         ; Column I/O ;                 ; no       ; On           ;
; AF3      ; 158        ; 4A       ; RESERVED_INPUT_WITH_WEAK_PULLUP            ;        ;              ;         ; Column I/O ;                 ; no       ; On           ;
; AF4      ; 154        ; 4A       ; RESERVED_INPUT_WITH_WEAK_PULLUP            ;        ;              ;         ; Column I/O ;                 ; no       ; On           ;
; AF5      ; 146        ; 4A       ; RESERVED_INPUT_WITH_WEAK_PULLUP            ;        ;              ;         ; Column I/O ;                 ; no       ; On           ;
; AF6      ; 142        ; 4A       ; RESERVED_INPUT_WITH_WEAK_PULLUP            ;        ;              ;         ; Column I/O ;                 ; no       ; On           ;
; AF7      ; 138        ; 4A       ; RESERVED_INPUT_WITH_WEAK_PULLUP            ;        ;              ;         ; Column I/O ;                 ; no       ; On           ;
; AF8      ; 137        ; 4A       ; mem_read_data[29]                          ; input  ; 2.5 V        ;         ; Column I/O ; N               ; no       ; Off          ;
; AF9      ; 134        ; 4A       ; mem_read_data[3]                           ; input  ; 2.5 V        ;         ; Column I/O ; N               ; no       ; Off          ;
; AF10     ; 129        ; 4A       ; RESERVED_INPUT_WITH_WEAK_PULLUP            ;        ;              ;         ; Column I/O ;                 ; no       ; On           ;
; AF11     ; 130        ; 4A       ; RESERVED_INPUT_WITH_WEAK_PULLUP            ;        ;              ;         ; Column I/O ;                 ; no       ; On           ;
; AF12     ; 126        ; 4A       ; mem_read_data[28]                          ; input  ; 2.5 V        ;         ; Column I/O ; N               ; no       ; Off          ;
; AF13     ; 122        ; 4A       ; RESERVED_INPUT_WITH_WEAK_PULLUP            ;        ;              ;         ; Column I/O ;                 ; no       ; On           ;
; AF14     ; 102        ; 4A       ; GND+                                       ;        ;              ;         ; Column I/O ;                 ; --       ; --           ;
; AF15     ; 101        ; 3A       ; reset_n                                    ; input  ; 2.5 V        ;         ; Column I/O ; N               ; no       ; Off          ;
; AF16     ; 86         ; 3A       ; RESERVED_INPUT_WITH_WEAK_PULLUP            ;        ;              ;         ; Column I/O ;                 ; no       ; On           ;
; AF17     ; 82         ; 3A       ; mem_write_data[24]                         ; output ; 2.5 V        ;         ; Column I/O ; N               ; no       ; Off          ;
; AF18     ; 77         ; 3A       ; mem_write_data[21]                         ; output ; 2.5 V        ;         ; Column I/O ; N               ; no       ; Off          ;
; AF19     ; 78         ; 3A       ; RESERVED_INPUT_WITH_WEAK_PULLUP            ;        ;              ;         ; Column I/O ;                 ; no       ; On           ;
; AF20     ; 74         ; 3A       ; mem_write_data[16]                         ; output ; 2.5 V        ;         ; Column I/O ; N               ; no       ; Off          ;
; AF21     ;            ;          ; NC                                         ;        ;              ;         ; --         ;                 ; --       ; --           ;
; AF22     ;            ;          ; NC                                         ;        ;              ;         ; --         ;                 ; --       ; --           ;
; AF23     ;            ;          ; GND                                        ; gnd    ;              ;         ; --         ;                 ; --       ; --           ;
; AF24     ; 36         ; QL0      ; GXB_NC                                     ;        ;              ;         ; --         ;                 ; --       ; --           ;
; AF25     ;            ;          ; GND                                        ; gnd    ;              ;         ; --         ;                 ; --       ; --           ;
; AF26     ;            ;          ; GND                                        ; gnd    ;              ;         ; --         ;                 ; --       ; --           ;
; AF27     ;            ;          ; GND                                        ; gnd    ;              ;         ; --         ;                 ; --       ; --           ;
; AF28     ;            ;          ; GND                                        ; gnd    ;              ;         ; --         ;                 ; --       ; --           ;
; AG1      ; 162        ; 4A       ; RESERVED_INPUT_WITH_WEAK_PULLUP            ;        ;              ;         ; Column I/O ;                 ; no       ; On           ;
; AG2      ;            ;          ; GND                                        ; gnd    ;              ;         ; --         ;                 ; --       ; --           ;
; AG3      ; 152        ; 4A       ; RESERVED_INPUT_WITH_WEAK_PULLUP            ;        ;              ;         ; Column I/O ;                 ; no       ; On           ;
; AG4      ; 150        ; 4A       ; RESERVED_INPUT_WITH_WEAK_PULLUP            ;        ;              ;         ; Column I/O ;                 ; no       ; On           ;
; AG5      ;            ;          ; GND                                        ; gnd    ;              ;         ; --         ;                 ; --       ; --           ;
; AG6      ; 120        ; 4A       ; RESERVED_INPUT_WITH_WEAK_PULLUP            ;        ;              ;         ; Column I/O ;                 ; no       ; On           ;
; AG7      ;            ; 4A       ; VCCIO4A                                    ; power  ;              ; 2.5V    ; --         ;                 ; --       ; --           ;
; AG8      ;            ;          ; GND                                        ; gnd    ;              ;         ; --         ;                 ; --       ; --           ;
; AG9      ; 116        ; 4A       ; RESERVED_INPUT_WITH_WEAK_PULLUP            ;        ;              ;         ; Column I/O ;                 ; no       ; On           ;
; AG10     ;            ; 4A       ; VCCIO4A                                    ; power  ;              ; 2.5V    ; --         ;                 ; --       ; --           ;
; AG11     ;            ;          ; GND                                        ; gnd    ;              ;         ; --         ;                 ; --       ; --           ;
; AG12     ; 108        ; 4A       ; RESERVED_INPUT_WITH_WEAK_PULLUP            ;        ;              ;         ; Column I/O ;                 ; no       ; On           ;
; AG13     ;            ; 4A       ; VCCIO4A                                    ; power  ;              ; 2.5V    ; --         ;                 ; --       ; --           ;
; AG14     ;            ;          ; GND                                        ; gnd    ;              ;         ; --         ;                 ; --       ; --           ;
; AG15     ; 100        ; 3A       ; RESERVED_INPUT_WITH_WEAK_PULLUP            ;        ;              ;         ; Column I/O ;                 ; no       ; On           ;
; AG16     ;            ; 3A       ; VCCIO3A                                    ; power  ;              ; 2.5V    ; --         ;                 ; --       ; --           ;
; AG17     ;            ;          ; GND                                        ; gnd    ;              ;         ; --         ;                 ; --       ; --           ;
; AG18     ; 96         ; 3A       ; RESERVED_INPUT_WITH_WEAK_PULLUP            ;        ;              ;         ; Column I/O ;                 ; no       ; On           ;
; AG19     ; 92         ; 3A       ; RESERVED_INPUT_WITH_WEAK_PULLUP            ;        ;              ;         ; Column I/O ;                 ; no       ; On           ;
; AG20     ;            ;          ; GND                                        ; gnd    ;              ;         ; --         ;                 ; --       ; --           ;
; AG21     ;            ;          ; GND                                        ; gnd    ;              ;         ; --         ;                 ; --       ; --           ;
; AG22     ;            ;          ; GND                                        ; gnd    ;              ;         ; --         ;                 ; --       ; --           ;
; AG23     ; 39         ; QL0      ; GXB_GND*                                   ;        ;              ;         ; --         ;                 ; --       ; --           ;
; AG24     ;            ;          ; GND                                        ; gnd    ;              ;         ; --         ;                 ; --       ; --           ;
; AG25     ; 35         ; QL0      ; GXB_GND*                                   ;        ;              ;         ; --         ;                 ; --       ; --           ;
; AG26     ;            ;          ; GND                                        ; gnd    ;              ;         ; --         ;                 ; --       ; --           ;
; AG27     ; 33         ; QL0      ; GXB_NC                                     ;        ;              ;         ; --         ;                 ; --       ; --           ;
; AG28     ;            ;          ; GND                                        ; gnd    ;              ;         ; --         ;                 ; --       ; --           ;
; AH2      ; 155        ; 4A       ; RESERVED_INPUT_WITH_WEAK_PULLUP            ;        ;              ;         ; Column I/O ;                 ; no       ; On           ;
; AH3      ; 153        ; 4A       ; RESERVED_INPUT_WITH_WEAK_PULLUP            ;        ;              ;         ; Column I/O ;                 ; no       ; On           ;
; AH4      ; 123        ; 4A       ; mem_read_data[14]                          ; input  ; 2.5 V        ;         ; Column I/O ; N               ; no       ; Off          ;
; AH5      ; 121        ; 4A       ; RESERVED_INPUT_WITH_WEAK_PULLUP            ;        ;              ;         ; Column I/O ;                 ; no       ; On           ;
; AH6      ; 118        ; 4A       ; RESERVED_INPUT_WITH_WEAK_PULLUP            ;        ;              ;         ; Column I/O ;                 ; no       ; On           ;
; AH7      ; 115        ; 4A       ; mem_write_data[17]                         ; output ; 2.5 V        ;         ; Column I/O ; N               ; no       ; Off          ;
; AH8      ; 113        ; 4A       ; RESERVED_INPUT_WITH_WEAK_PULLUP            ;        ;              ;         ; Column I/O ;                 ; no       ; On           ;
; AH9      ; 114        ; 4A       ; mem_write_data[20]                         ; output ; 2.5 V        ;         ; Column I/O ; N               ; no       ; Off          ;
; AH10     ; 112        ; 4A       ; RESERVED_INPUT_WITH_WEAK_PULLUP            ;        ;              ;         ; Column I/O ;                 ; no       ; On           ;
; AH11     ; 110        ; 4A       ; RESERVED_INPUT_WITH_WEAK_PULLUP            ;        ;              ;         ; Column I/O ;                 ; no       ; On           ;
; AH12     ; 106        ; 4A       ; RESERVED_INPUT_WITH_WEAK_PULLUP            ;        ;              ;         ; Column I/O ;                 ; no       ; On           ;
; AH13     ; 107        ; 4A       ; RESERVED_INPUT_WITH_WEAK_PULLUP            ;        ;              ;         ; Column I/O ;                 ; no       ; On           ;
; AH14     ; 105        ; 4A       ; RESERVED_INPUT_WITH_WEAK_PULLUP            ;        ;              ;         ; Column I/O ;                 ; no       ; On           ;
; AH15     ; 98         ; 3A       ; RESERVED_INPUT_WITH_WEAK_PULLUP            ;        ;              ;         ; Column I/O ;                 ; no       ; On           ;
; AH16     ; 95         ; 3A       ; RESERVED_INPUT_WITH_WEAK_PULLUP            ;        ;              ;         ; Column I/O ;                 ; no       ; On           ;
; AH17     ; 93         ; 3A       ; RESERVED_INPUT_WITH_WEAK_PULLUP            ;        ;              ;         ; Column I/O ;                 ; no       ; On           ;
; AH18     ; 94         ; 3A       ; RESERVED_INPUT_WITH_WEAK_PULLUP            ;        ;              ;         ; Column I/O ;                 ; no       ; On           ;
; AH19     ; 90         ; 3A       ; RESERVED_INPUT_WITH_WEAK_PULLUP            ;        ;              ;         ; Column I/O ;                 ; no       ; On           ;
; AH20     ;            ;          ; GND                                        ; gnd    ;              ;         ; --         ;                 ; --       ; --           ;
; AH21     ;            ;          ; RREF                                       ;        ;              ;         ; --         ;                 ; --       ; --           ;
; AH22     ;            ;          ; GND                                        ; gnd    ;              ;         ; --         ;                 ; --       ; --           ;
; AH23     ; 38         ; QL0      ; GXB_GND*                                   ;        ;              ;         ; --         ;                 ; --       ; --           ;
; AH24     ;            ;          ; GND                                        ; gnd    ;              ;         ; --         ;                 ; --       ; --           ;
; AH25     ; 34         ; QL0      ; GXB_GND*                                   ;        ;              ;         ; --         ;                 ; --       ; --           ;
; AH26     ;            ;          ; GND                                        ; gnd    ;              ;         ; --         ;                 ; --       ; --           ;
; AH27     ; 32         ; QL0      ; GXB_NC                                     ;        ;              ;         ; --         ;                 ; --       ; --           ;
; B1       ; 289        ; 6A       ; RESERVED_INPUT_WITH_WEAK_PULLUP            ;        ;              ;         ; Row I/O    ;                 ; no       ; On           ;
; B2       ;            ;          ; GND                                        ; gnd    ;              ;         ; --         ;                 ; --       ; --           ;
; B3       ; 321        ; 7A       ; RESERVED_INPUT_WITH_WEAK_PULLUP            ;        ;              ;         ; Column I/O ;                 ; no       ; On           ;
; B4       ;            ; 7A       ; VCCIO7A                                    ; power  ;              ; 2.5V    ; --         ;                 ; --       ; --           ;
; B5       ;            ;          ; GND                                        ; gnd    ;              ;         ; --         ;                 ; --       ; --           ;
; B6       ; 357        ; 7A       ; RESERVED_INPUT_WITH_WEAK_PULLUP            ;        ;              ;         ; Column I/O ;                 ; no       ; On           ;
; B7       ;            ; 7A       ; VCCIO7A                                    ; power  ;              ; 2.5V    ; --         ;                 ; --       ; --           ;
; B8       ;            ;          ; GND                                        ; gnd    ;              ;         ; --         ;                 ; --       ; --           ;
; B9       ; 347        ; 7A       ; RESERVED_INPUT_WITH_WEAK_PULLUP            ;        ;              ;         ; Column I/O ;                 ; no       ; On           ;
; B10      ;            ; 7A       ; VCCIO7A                                    ; power  ;              ; 2.5V    ; --         ;                 ; --       ; --           ;
; B11      ;            ;          ; GND                                        ; gnd    ;              ;         ; --         ;                 ; --       ; --           ;
; B12      ; 365        ; 7A       ; RESERVED_INPUT_WITH_WEAK_PULLUP            ;        ;              ;         ; Column I/O ;                 ; no       ; On           ;
; B13      ;            ; 7A       ; VCCIO7A                                    ; power  ;              ; 2.5V    ; --         ;                 ; --       ; --           ;
; B14      ;            ;          ; GND                                        ; gnd    ;              ;         ; --         ;                 ; --       ; --           ;
; B15      ; 379        ; 8A       ; RESERVED_INPUT_WITH_WEAK_PULLUP            ;        ;              ;         ; Column I/O ;                 ; no       ; On           ;
; B16      ; 382        ; 8A       ; RESERVED_INPUT_WITH_WEAK_PULLUP            ;        ;              ;         ; Column I/O ;                 ; no       ; On           ;
; B17      ;            ;          ; GND                                        ; gnd    ;              ;         ; --         ;                 ; --       ; --           ;
; B18      ;            ; 8A       ; VCCIO8A                                    ; power  ;              ; 2.5V    ; --         ;                 ; --       ; --           ;
; B19      ; 392        ; 8A       ; RESERVED_INPUT_WITH_WEAK_PULLUP            ;        ;              ;         ; Column I/O ;                 ; no       ; On           ;
; B20      ;            ;          ; GND                                        ; gnd    ;              ;         ; --         ;                 ; --       ; --           ;
; B21      ;            ;          ; GND                                        ; gnd    ;              ;         ; --         ;                 ; --       ; --           ;
; B22      ;            ;          ; GND                                        ; gnd    ;              ;         ; --         ;                 ; --       ; --           ;
; B23      ;            ;          ; GND                                        ; gnd    ;              ;         ; --         ;                 ; --       ; --           ;
; B24      ;            ;          ; NC                                         ;        ;              ;         ; --         ;                 ; --       ; --           ;
; B25      ;            ;          ; GND                                        ; gnd    ;              ;         ; --         ;                 ; --       ; --           ;
; B26      ;            ;          ; NC                                         ;        ;              ;         ; --         ;                 ; --       ; --           ;
; B27      ;            ;          ; GND                                        ; gnd    ;              ;         ; --         ;                 ; --       ; --           ;
; B28      ;            ;          ; GND                                        ; gnd    ;              ;         ; --         ;                 ; --       ; --           ;
; C1       ; 264        ; 6A       ; RESERVED_INPUT_WITH_WEAK_PULLUP            ;        ;              ;         ; Row I/O    ;                 ; no       ; On           ;
; C2       ; 290        ; 6A       ; RESERVED_INPUT_WITH_WEAK_PULLUP            ;        ;              ;         ; Row I/O    ;                 ; no       ; On           ;
; C3       ; 292        ; 6A       ; RESERVED_INPUT_WITH_WEAK_PULLUP            ;        ;              ;         ; Row I/O    ;                 ; no       ; On           ;
; C4       ; 319        ; 7A       ; RESERVED_INPUT_WITH_WEAK_PULLUP            ;        ;              ;         ; Column I/O ;                 ; no       ; On           ;
; C5       ; 331        ; 7A       ; RESERVED_INPUT_WITH_WEAK_PULLUP            ;        ;              ;         ; Column I/O ;                 ; no       ; On           ;
; C6       ; 335        ; 7A       ; RESERVED_INPUT_WITH_WEAK_PULLUP            ;        ;              ;         ; Column I/O ;                 ; no       ; On           ;
; C7       ; 333        ; 7A       ; RESERVED_INPUT_WITH_WEAK_PULLUP            ;        ;              ;         ; Column I/O ;                 ; no       ; On           ;
; C8       ; 339        ; 7A       ; RESERVED_INPUT_WITH_WEAK_PULLUP            ;        ;              ;         ; Column I/O ;                 ; no       ; On           ;
; C9       ; 345        ; 7A       ; RESERVED_INPUT_WITH_WEAK_PULLUP            ;        ;              ;         ; Column I/O ;                 ; no       ; On           ;
; C10      ; 340        ; 7A       ; RESERVED_INPUT_WITH_WEAK_PULLUP            ;        ;              ;         ; Column I/O ;                 ; no       ; On           ;
; C11      ; 348        ; 7A       ; RESERVED_INPUT_WITH_WEAK_PULLUP            ;        ;              ;         ; Column I/O ;                 ; no       ; On           ;
; C12      ; 356        ; 7A       ; RESERVED_INPUT_WITH_WEAK_PULLUP            ;        ;              ;         ; Column I/O ;                 ; no       ; On           ;
; C13      ; 354        ; 7A       ; RESERVED_INPUT_WITH_WEAK_PULLUP            ;        ;              ;         ; Column I/O ;                 ; no       ; On           ;
; C14      ; 376        ; 7A       ; GND+                                       ;        ;              ;         ; Column I/O ;                 ; --       ; --           ;
; C15      ; 375        ; 8A       ; GND+                                       ;        ;              ;         ; Column I/O ;                 ; --       ; --           ;
; C16      ; 377        ; 8A       ; RESERVED_INPUT_WITH_WEAK_PULLUP            ;        ;              ;         ; Column I/O ;                 ; no       ; On           ;
; C17      ; 395        ; 8A       ; RESERVED_INPUT_WITH_WEAK_PULLUP            ;        ;              ;         ; Column I/O ;                 ; no       ; On           ;
; C18      ; 399        ; 8A       ; RESERVED_INPUT_WITH_WEAK_PULLUP            ;        ;              ;         ; Column I/O ;                 ; no       ; On           ;
; C19      ; 390        ; 8A       ; RESERVED_INPUT_WITH_WEAK_PULLUP            ;        ;              ;         ; Column I/O ;                 ; no       ; On           ;
; C20      ;            ; 8A       ; VCCIO8A                                    ; power  ;              ; 2.5V    ; --         ;                 ; --       ; --           ;
; C21      ; 400        ; 8A       ; RESERVED_INPUT_WITH_WEAK_PULLUP            ;        ;              ;         ; Column I/O ;                 ; no       ; On           ;
; C22      ;            ;          ; GND                                        ; gnd    ;              ;         ; --         ;                 ; --       ; --           ;
; C23      ;            ;          ; NC                                         ;        ;              ;         ; --         ;                 ; --       ; --           ;
; C24      ;            ;          ; GND                                        ; gnd    ;              ;         ; --         ;                 ; --       ; --           ;
; C25      ;            ;          ; GND                                        ; gnd    ;              ;         ; --         ;                 ; --       ; --           ;
; C26      ;            ;          ; GND                                        ; gnd    ;              ;         ; --         ;                 ; --       ; --           ;
; C27      ;            ;          ; NC                                         ;        ;              ;         ; --         ;                 ; --       ; --           ;
; C28      ;            ;          ; NC                                         ;        ;              ;         ; --         ;                 ; --       ; --           ;
; D1       ; 262        ; 6A       ; mem_read_data[13]                          ; input  ; 2.5 V        ;         ; Row I/O    ; N               ; no       ; Off          ;
; D2       ;            ; 6A       ; VCCIO6A                                    ; power  ;              ; 2.5V    ; --         ;                 ; --       ; --           ;
; D3       ; 299        ; 6A       ; RESERVED_INPUT_WITH_WEAK_PULLUP            ;        ;              ;         ; Row I/O    ;                 ; no       ; On           ;
; D4       ; 317        ; 7A       ; RESERVED_INPUT_WITH_WEAK_PULLUP            ;        ;              ;         ; Column I/O ;                 ; no       ; On           ;
; D5       ; 316        ; 7A       ; RESERVED_INPUT_WITH_WEAK_PULLUP            ;        ;              ;         ; Column I/O ;                 ; no       ; On           ;
; D6       ; 329        ; 7A       ; RESERVED_INPUT_WITH_WEAK_PULLUP            ;        ;              ;         ; Column I/O ;                 ; no       ; On           ;
; D7       ; 327        ; 7A       ; RESERVED_INPUT_WITH_WEAK_PULLUP            ;        ;              ;         ; Column I/O ;                 ; no       ; On           ;
; D8       ; 337        ; 7A       ; RESERVED_INPUT_WITH_WEAK_PULLUP            ;        ;              ;         ; Column I/O ;                 ; no       ; On           ;
; D9       ; 332        ; 7A       ; RESERVED_INPUT_WITH_WEAK_PULLUP            ;        ;              ;         ; Column I/O ;                 ; no       ; On           ;
; D10      ; 338        ; 7A       ; RESERVED_INPUT_WITH_WEAK_PULLUP            ;        ;              ;         ; Column I/O ;                 ; no       ; On           ;
; D11      ; 346        ; 7A       ; RESERVED_INPUT_WITH_WEAK_PULLUP            ;        ;              ;         ; Column I/O ;                 ; no       ; On           ;
; D12      ; 343        ; 7A       ; RESERVED_INPUT_WITH_WEAK_PULLUP            ;        ;              ;         ; Column I/O ;                 ; no       ; On           ;
; D13      ; 355        ; 7A       ; RESERVED_INPUT_WITH_WEAK_PULLUP            ;        ;              ;         ; Column I/O ;                 ; no       ; On           ;
; D14      ; 374        ; 7A       ; GND+                                       ;        ;              ;         ; Column I/O ;                 ; --       ; --           ;
; D15      ; 373        ; 8A       ; GND+                                       ;        ;              ;         ; Column I/O ;                 ; --       ; --           ;
; D16      ; 387        ; 8A       ; RESERVED_INPUT_WITH_WEAK_PULLUP            ;        ;              ;         ; Column I/O ;                 ; no       ; On           ;
; D17      ; 393        ; 8A       ; RESERVED_INPUT_WITH_WEAK_PULLUP            ;        ;              ;         ; Column I/O ;                 ; no       ; On           ;
; D18      ; 397        ; 8A       ; RESERVED_INPUT_WITH_WEAK_PULLUP            ;        ;              ;         ; Column I/O ;                 ; no       ; On           ;
; D19      ; 403        ; 8A       ; RESERVED_INPUT_WITH_WEAK_PULLUP            ;        ;              ;         ; Column I/O ;                 ; no       ; On           ;
; D20      ; 401        ; 8A       ; RESERVED_INPUT_WITH_WEAK_PULLUP            ;        ;              ;         ; Column I/O ;                 ; no       ; On           ;
; D21      ; 398        ; 8A       ; RESERVED_INPUT_WITH_WEAK_PULLUP            ;        ;              ;         ; Column I/O ;                 ; no       ; On           ;
; D22      ;            ;          ; GND                                        ; gnd    ;              ;         ; --         ;                 ; --       ; --           ;
; D23      ;            ;          ; NC                                         ;        ;              ;         ; --         ;                 ; --       ; --           ;
; D24      ;            ;          ; GND                                        ; gnd    ;              ;         ; --         ;                 ; --       ; --           ;
; D25      ;            ;          ; NC                                         ;        ;              ;         ; --         ;                 ; --       ; --           ;
; D26      ;            ;          ; NC                                         ;        ;              ;         ; --         ;                 ; --       ; --           ;
; D27      ;            ;          ; GND                                        ; gnd    ;              ;         ; --         ;                 ; --       ; --           ;
; D28      ;            ;          ; GND                                        ; gnd    ;              ;         ; --         ;                 ; --       ; --           ;
; E1       ; 258        ; 6A       ; RESERVED_INPUT_WITH_WEAK_PULLUP            ;        ;              ;         ; Row I/O    ;                 ; no       ; On           ;
; E2       ;            ;          ; GND                                        ; gnd    ;              ;         ; --         ;                 ; --       ; --           ;
; E3       ; 297        ; 6A       ; RESERVED_INPUT_WITH_WEAK_PULLUP            ;        ;              ;         ; Row I/O    ;                 ; no       ; On           ;
; E4       ; 302        ; 6A       ; RESERVED_INPUT_WITH_WEAK_PULLUP            ;        ;              ;         ; Row I/O    ;                 ; no       ; On           ;
; E5       ;            ;          ; GND                                        ; gnd    ;              ;         ; --         ;                 ; --       ; --           ;
; E6       ; 314        ; 7A       ; RESERVED_INPUT_WITH_WEAK_PULLUP            ;        ;              ;         ; Column I/O ;                 ; no       ; On           ;
; E7       ; 325        ; 7A       ; RESERVED_INPUT_WITH_WEAK_PULLUP            ;        ;              ;         ; Column I/O ;                 ; no       ; On           ;
; E8       ;            ;          ; GND                                        ; gnd    ;              ;         ; --         ;                 ; --       ; --           ;
; E9       ; 330        ; 7A       ; RESERVED_INPUT_WITH_WEAK_PULLUP            ;        ;              ;         ; Column I/O ;                 ; no       ; On           ;
; E10      ; 315        ; 7A       ; RESERVED_INPUT_WITH_WEAK_PULLUP            ;        ;              ;         ; Column I/O ;                 ; no       ; On           ;
; E11      ;            ;          ; GND                                        ; gnd    ;              ;         ; --         ;                 ; --       ; --           ;
; E12      ; 341        ; 7A       ; RESERVED_INPUT_WITH_WEAK_PULLUP            ;        ;              ;         ; Column I/O ;                 ; no       ; On           ;
; E13      ; 353        ; 7A       ; RESERVED_INPUT_WITH_WEAK_PULLUP            ;        ;              ;         ; Column I/O ;                 ; no       ; On           ;
; E14      ;            ;          ; GND                                        ; gnd    ;              ;         ; --         ;                 ; --       ; --           ;
; E15      ; 385        ; 8A       ; RESERVED_INPUT_WITH_WEAK_PULLUP            ;        ;              ;         ; Column I/O ;                 ; no       ; On           ;
; E16      ;            ; 8A       ; VCCIO8A                                    ; power  ;              ; 2.5V    ; --         ;                 ; --       ; --           ;
; E17      ;            ;          ; GND                                        ; gnd    ;              ;         ; --         ;                 ; --       ; --           ;
; E18      ; 423        ; 8A       ; mem_write_data[22]                         ; output ; 2.5 V        ;         ; Column I/O ; N               ; no       ; Off          ;
; E19      ; 421        ; 8A       ; RESERVED_INPUT_WITH_WEAK_PULLUP            ;        ;              ;         ; Column I/O ;                 ; no       ; On           ;
; E20      ;            ;          ; GND                                        ; gnd    ;              ;         ; --         ;                 ; --       ; --           ;
; E21      ; 419        ; 8A       ; RESERVED_INPUT_WITH_WEAK_PULLUP            ;        ;              ;         ; Column I/O ;                 ; no       ; On           ;
; E22      ; 411        ; 8A       ; RESERVED_INPUT_WITH_WEAK_PULLUP            ;        ;              ;         ; Column I/O ;                 ; no       ; On           ;
; E23      ;            ;          ; GND                                        ; gnd    ;              ;         ; --         ;                 ; --       ; --           ;
; E24      ; 416        ; 8A       ; RESERVED_INPUT_WITH_WEAK_PULLUP            ;        ;              ;         ; Column I/O ;                 ; no       ; On           ;
; E25      ;            ;          ; GND                                        ; gnd    ;              ;         ; --         ;                 ; --       ; --           ;
; E26      ;            ;          ; GND                                        ; gnd    ;              ;         ; --         ;                 ; --       ; --           ;
; E27      ;            ;          ; NC                                         ;        ;              ;         ; --         ;                 ; --       ; --           ;
; E28      ;            ;          ; NC                                         ;        ;              ;         ; --         ;                 ; --       ; --           ;
; F1       ; 259        ; 6A       ; RESERVED_INPUT_WITH_WEAK_PULLUP            ;        ;              ;         ; Row I/O    ;                 ; no       ; On           ;
; F2       ; 260        ; 6A       ; mem_read_data[20]                          ; input  ; 2.5 V        ;         ; Row I/O    ; N               ; no       ; Off          ;
; F3       ; 298        ; 6A       ; RESERVED_INPUT_WITH_WEAK_PULLUP            ;        ;              ;         ; Row I/O    ;                 ; no       ; On           ;
; F4       ; 300        ; 6A       ; RESERVED_INPUT_WITH_WEAK_PULLUP            ;        ;              ;         ; Row I/O    ;                 ; no       ; On           ;
; F5       ; 304        ; 6A       ; RESERVED_INPUT_WITH_WEAK_PULLUP            ;        ;              ;         ; Row I/O    ;                 ; no       ; On           ;
; F6       ;            ;          ; DNU                                        ;        ;              ;         ; --         ;                 ; --       ; --           ;
; F7       ; 305        ; 7A       ; RESERVED_INPUT_WITH_WEAK_PULLUP            ;        ;              ;         ; Column I/O ;                 ; no       ; On           ;
; F8       ; 311        ; 7A       ; RESERVED_INPUT_WITH_WEAK_PULLUP            ;        ;              ;         ; Column I/O ;                 ; no       ; On           ;
; F9       ; 309        ; 7A       ; RESERVED_INPUT_WITH_WEAK_PULLUP            ;        ;              ;         ; Column I/O ;                 ; no       ; On           ;
; F10      ; 313        ; 7A       ; RESERVED_INPUT_WITH_WEAK_PULLUP            ;        ;              ;         ; Column I/O ;                 ; no       ; On           ;
; F11      ; 328        ; 7A       ; RESERVED_INPUT_WITH_WEAK_PULLUP            ;        ;              ;         ; Column I/O ;                 ; no       ; On           ;
; F12      ; 344        ; 7A       ; RESERVED_INPUT_WITH_WEAK_PULLUP            ;        ;              ;         ; Column I/O ;                 ; no       ; On           ;
; F13      ; 351        ; 7A       ; RESERVED_INPUT_WITH_WEAK_PULLUP            ;        ;              ;         ; Column I/O ;                 ; no       ; On           ;
; F14      ; 368        ; 7A       ; RESERVED_INPUT_WITH_WEAK_PULLUP            ;        ;              ;         ; Column I/O ;                 ; no       ; On           ;
; F15      ; 380        ; 8A       ; RESERVED_INPUT_WITH_WEAK_PULLUP            ;        ;              ;         ; Column I/O ;                 ; no       ; On           ;
; F16      ; 378        ; 8A       ; RESERVED_INPUT_WITH_WEAK_PULLUP            ;        ;              ;         ; Column I/O ;                 ; no       ; On           ;
; F17      ; 404        ; 8A       ; RESERVED_INPUT_WITH_WEAK_PULLUP            ;        ;              ;         ; Column I/O ;                 ; no       ; On           ;
; F18      ;            ; 8A       ; VCCIO8A                                    ; power  ;              ; 2.5V    ; --         ;                 ; --       ; --           ;
; F19      ;            ;          ; NC                                         ;        ;              ;         ; --         ;                 ; --       ; --           ;
; F20      ;            ;          ; NC                                         ;        ;              ;         ; --         ;                 ; --       ; --           ;
; F21      ; 417        ; 8A       ; RESERVED_INPUT_WITH_WEAK_PULLUP            ;        ;              ;         ; Column I/O ;                 ; no       ; On           ;
; F22      ; 409        ; 8A       ; RESERVED_INPUT_WITH_WEAK_PULLUP            ;        ;              ;         ; Column I/O ;                 ; no       ; On           ;
; F23      ; 415        ; 8A       ; RESERVED_INPUT_WITH_WEAK_PULLUP            ;        ;              ;         ; Column I/O ;                 ; no       ; On           ;
; F24      ; 414        ; 8A       ; RESERVED_INPUT_WITH_WEAK_PULLUP            ;        ;              ;         ; Column I/O ;                 ; no       ; On           ;
; F25      ;            ;          ; NC                                         ;        ;              ;         ; --         ;                 ; --       ; --           ;
; F26      ;            ;          ; NC                                         ;        ;              ;         ; --         ;                 ; --       ; --           ;
; F27      ;            ;          ; GND                                        ; gnd    ;              ;         ; --         ;                 ; --       ; --           ;
; F28      ;            ;          ; GND                                        ; gnd    ;              ;         ; --         ;                 ; --       ; --           ;
; G1       ; 257        ; 6A       ; RESERVED_INPUT_WITH_WEAK_PULLUP            ;        ;              ;         ; Row I/O    ;                 ; no       ; On           ;
; G2       ;            ; 6A       ; VCCIO6A                                    ; power  ;              ; 2.5V    ; --         ;                 ; --       ; --           ;
; G3       ; 294        ; 6A       ; RESERVED_INPUT_WITH_WEAK_PULLUP            ;        ;              ;         ; Row I/O    ;                 ; no       ; On           ;
; G4       ; 296        ; 6A       ; RESERVED_INPUT_WITH_WEAK_PULLUP            ;        ;              ;         ; Row I/O    ;                 ; no       ; On           ;
; G5       ; 301        ; 6A       ; RESERVED_INPUT_WITH_WEAK_PULLUP            ;        ;              ;         ; Row I/O    ;                 ; no       ; On           ;
; G6       ; 303        ; 6A       ; RESERVED_INPUT_WITH_WEAK_PULLUP            ;        ;              ;         ; Row I/O    ;                 ; no       ; On           ;
; G7       ; 307        ; 7A       ; RESERVED_INPUT_WITH_WEAK_PULLUP            ;        ;              ;         ; Column I/O ;                 ; no       ; On           ;
; G8       ;            ;          ; VCCD_PLL_2                                 ; power  ;              ; 0.9V    ; --         ;                 ; --       ; --           ;
; G9       ;            ;          ; GND                                        ; gnd    ;              ;         ; --         ;                 ; --       ; --           ;
; G10      ; 312        ; 7A       ; RESERVED_INPUT_WITH_WEAK_PULLUP            ;        ;              ;         ; Column I/O ;                 ; no       ; On           ;
; G11      ; 326        ; 7A       ; RESERVED_INPUT_WITH_WEAK_PULLUP            ;        ;              ;         ; Column I/O ;                 ; no       ; On           ;
; G12      ; 342        ; 7A       ; RESERVED_INPUT_WITH_WEAK_PULLUP            ;        ;              ;         ; Column I/O ;                 ; no       ; On           ;
; G13      ; 349        ; 7A       ; RESERVED_INPUT_WITH_WEAK_PULLUP            ;        ;              ;         ; Column I/O ;                 ; no       ; On           ;
; G14      ; 366        ; 7A       ; RESERVED_INPUT_WITH_WEAK_PULLUP            ;        ;              ;         ; Column I/O ;                 ; no       ; On           ;
; G15      ; 388        ; 8A       ; RESERVED_INPUT_WITH_WEAK_PULLUP            ;        ;              ;         ; Column I/O ;                 ; no       ; On           ;
; G16      ;            ; 8A       ; VCCPD8A                                    ; power  ;              ; 2.5V    ; --         ;                 ; --       ; --           ;
; G17      ; 402        ; 8A       ; RESERVED_INPUT_WITH_WEAK_PULLUP            ;        ;              ;         ; Column I/O ;                 ; no       ; On           ;
; G18      ; 424        ; 8A       ; RESERVED_INPUT_WITH_WEAK_PULLUP            ;        ;              ;         ; Column I/O ;                 ; no       ; On           ;
; G19      ; 422        ; 8A       ; RESERVED_INPUT_WITH_WEAK_PULLUP            ;        ;              ;         ; Column I/O ;                 ; no       ; On           ;
; G20      ;            ;          ; VCCA_PLL_1                                 ; power  ;              ; 2.5V    ; --         ;                 ; --       ; --           ;
; G21      ;            ; 8C       ; VCCPD8C                                    ; power  ;              ; 2.5V    ; --         ;                 ; --       ; --           ;
; G22      ;            ;          ; GND                                        ; gnd    ;              ;         ; --         ;                 ; --       ; --           ;
; G23      ;            ; 8C       ; VCCIO8C                                    ; power  ;              ; 2.5V    ; --         ;                 ; --       ; --           ;
; G24      ; 413        ; 8A       ; RESERVED_INPUT_WITH_WEAK_PULLUP            ;        ;              ;         ; Column I/O ;                 ; no       ; On           ;
; G25      ;            ;          ; GND                                        ; gnd    ;              ;         ; --         ;                 ; --       ; --           ;
; G26      ;            ;          ; GND                                        ; gnd    ;              ;         ; --         ;                 ; --       ; --           ;
; G27      ;            ;          ; NC                                         ;        ;              ;         ; --         ;                 ; --       ; --           ;
; G28      ;            ;          ; NC                                         ;        ;              ;         ; --         ;                 ; --       ; --           ;
; H1       ; 252        ; 6A       ; RESERVED_INPUT_WITH_WEAK_PULLUP            ;        ;              ;         ; Row I/O    ;                 ; no       ; On           ;
; H2       ;            ;          ; GND                                        ; gnd    ;              ;         ; --         ;                 ; --       ; --           ;
; H3       ; 266        ; 6A       ; RESERVED_INPUT_WITH_WEAK_PULLUP            ;        ;              ;         ; Row I/O    ;                 ; no       ; On           ;
; H4       ; 268        ; 6A       ; RESERVED_INPUT_WITH_WEAK_PULLUP            ;        ;              ;         ; Row I/O    ;                 ; no       ; On           ;
; H5       ;            ;          ; GND                                        ; gnd    ;              ;         ; --         ;                 ; --       ; --           ;
; H6       ; 293        ; 6A       ; RESERVED_INPUT_WITH_WEAK_PULLUP            ;        ;              ;         ; Row I/O    ;                 ; no       ; On           ;
; H7       ; 295        ; 6A       ; RESERVED_INPUT_WITH_WEAK_PULLUP            ;        ;              ;         ; Row I/O    ;                 ; no       ; On           ;
; H8       ;            ;          ; GND                                        ; gnd    ;              ;         ; --         ;                 ; --       ; --           ;
; H9       ;            ;          ; VCCA_PLL_2                                 ; power  ;              ; 2.5V    ; --         ;                 ; --       ; --           ;
; H10      ; 310        ; 7A       ; RESERVED_INPUT_WITH_WEAK_PULLUP            ;        ;              ;         ; Column I/O ;                 ; no       ; On           ;
; H11      ;            ;          ; GND                                        ; gnd    ;              ;         ; --         ;                 ; --       ; --           ;
; H12      ;            ; 7A       ; VREFB7AN0                                  ; power  ;              ;         ; --         ;                 ; --       ; --           ;
; H13      ;            ; 7A       ; VCCPD7A                                    ; power  ;              ; 2.5V    ; --         ;                 ; --       ; --           ;
; H14      ;            ;          ; GND                                        ; gnd    ;              ;         ; --         ;                 ; --       ; --           ;
; H15      ; 386        ; 8A       ; RESERVED_INPUT_WITH_WEAK_PULLUP            ;        ;              ;         ; Column I/O ;                 ; no       ; On           ;
; H16      ;            ; 8A       ; VCCPD8A                                    ; power  ;              ; 2.5V    ; --         ;                 ; --       ; --           ;
; H17      ;            ;          ; GND                                        ; gnd    ;              ;         ; --         ;                 ; --       ; --           ;
; H18      ;            ; 8A       ; VREFB8AN0                                  ; power  ;              ;         ; --         ;                 ; --       ; --           ;
; H19      ;            ;          ; NC                                         ;        ;              ;         ; --         ;                 ; --       ; --           ;
; H20      ;            ;          ; GND                                        ; gnd    ;              ;         ; --         ;                 ; --       ; --           ;
; H21      ;            ;          ; VCCD_PLL_1                                 ; power  ;              ; 0.9V    ; --         ;                 ; --       ; --           ;
; H22      ; 431        ; 8C       ; ^nCSO                                      ;        ;              ;         ; --         ;                 ; --       ; --           ;
; H23      ;            ;          ; DNU                                        ;        ;              ;         ; --         ;                 ; --       ; --           ;
; H24      ; 433        ; 8C       ; #TDI                                       ; input  ;              ;         ; --         ;                 ; --       ; --           ;
; H25      ;            ;          ; NC                                         ;        ;              ;         ; --         ;                 ; --       ; --           ;
; H26      ;            ;          ; NC                                         ;        ;              ;         ; --         ;                 ; --       ; --           ;
; H27      ;            ;          ; GND                                        ; gnd    ;              ;         ; --         ;                 ; --       ; --           ;
; H28      ;            ;          ; GND                                        ; gnd    ;              ;         ; --         ;                 ; --       ; --           ;
; J1       ; 250        ; 6A       ; RESERVED_INPUT_WITH_WEAK_PULLUP            ;        ;              ;         ; Row I/O    ;                 ; no       ; On           ;
; J2       ; 249        ; 6A       ; output_addr[5]                             ; input  ; 2.5 V        ;         ; Row I/O    ; N               ; no       ; Off          ;
; J3       ; 251        ; 6A       ; RESERVED_INPUT_WITH_WEAK_PULLUP            ;        ;              ;         ; Row I/O    ;                 ; no       ; On           ;
; J4       ; 265        ; 6A       ; RESERVED_INPUT_WITH_WEAK_PULLUP            ;        ;              ;         ; Row I/O    ;                 ; no       ; On           ;
; J5       ; 267        ; 6A       ; RESERVED_INPUT_WITH_WEAK_PULLUP            ;        ;              ;         ; Row I/O    ;                 ; no       ; On           ;
; J6       ; 253        ; 6A       ; RESERVED_INPUT_WITH_WEAK_PULLUP            ;        ;              ;         ; Row I/O    ;                 ; no       ; On           ;
; J7       ; 255        ; 6A       ; RESERVED_INPUT_WITH_WEAK_PULLUP            ;        ;              ;         ; Row I/O    ;                 ; no       ; On           ;
; J8       ; 263        ; 6A       ; RESERVED_INPUT_WITH_WEAK_PULLUP            ;        ;              ;         ; Row I/O    ;                 ; no       ; On           ;
; J9       ; 308        ; 7A       ; RESERVED_INPUT_WITH_WEAK_PULLUP            ;        ;              ;         ; Column I/O ;                 ; no       ; On           ;
; J10      ; 320        ; 7A       ; RESERVED_INPUT_WITH_WEAK_PULLUP            ;        ;              ;         ; Column I/O ;                 ; no       ; On           ;
; J11      ; 336        ; 7A       ; RESERVED_INPUT_WITH_WEAK_PULLUP            ;        ;              ;         ; Column I/O ;                 ; no       ; On           ;
; J12      ; 334        ; 7A       ; RESERVED_INPUT_WITH_WEAK_PULLUP            ;        ;              ;         ; Column I/O ;                 ; no       ; On           ;
; J13      ;            ; 7A       ; VCCPD7A                                    ; power  ;              ; 2.5V    ; --         ;                 ; --       ; --           ;
; J14      ; 360        ; 7A       ; RESERVED_INPUT_WITH_WEAK_PULLUP            ;        ;              ;         ; Column I/O ;                 ; no       ; On           ;
; J15      ;            ; --       ; VCCCB                                      ; power  ;              ; 1.5V    ; --         ;                 ; --       ; --           ;
; J16      ; 412        ; 8A       ; RESERVED_INPUT_WITH_WEAK_PULLUP            ;        ;              ;         ; Column I/O ;                 ; no       ; On           ;
; J17      ; 420        ; 8A       ; RESERVED_INPUT_WITH_WEAK_PULLUP            ;        ;              ;         ; Column I/O ;                 ; no       ; On           ;
; J18      ; 428        ; 8A       ; RESERVED_INPUT_WITH_WEAK_PULLUP            ;        ;              ;         ; Column I/O ;                 ; no       ; On           ;
; J19      ;            ;          ; NC                                         ;        ;              ;         ; --         ;                 ; --       ; --           ;
; J20      ; 408        ; 8A       ; RESERVED_INPUT_WITH_WEAK_PULLUP            ;        ;              ;         ; Column I/O ;                 ; no       ; On           ;
; J21      ; 406        ; 8A       ; RESERVED_INPUT_WITH_WEAK_PULLUP            ;        ;              ;         ; Column I/O ;                 ; no       ; On           ;
; J22      ; 430        ; 8C       ; ^ASDO                                      ;        ;              ;         ; --         ;                 ; --       ; --           ;
; J23      ; 434        ; 8C       ; #TMS                                       ; input  ;              ;         ; --         ;                 ; --       ; --           ;
; J24      ;            ; --       ; VCCBAT                                     ; power  ;              ; 2.5V    ; --         ;                 ; --       ; --           ;
; J25      ;            ;          ; GND                                        ; gnd    ;              ;         ; --         ;                 ; --       ; --           ;
; J26      ;            ;          ; GND                                        ; gnd    ;              ;         ; --         ;                 ; --       ; --           ;
; J27      ;            ;          ; NC                                         ;        ;              ;         ; --         ;                 ; --       ; --           ;
; J28      ;            ;          ; NC                                         ;        ;              ;         ; --         ;                 ; --       ; --           ;
; K1       ; 243        ; 6A       ; RESERVED_INPUT_WITH_WEAK_PULLUP            ;        ;              ;         ; Row I/O    ;                 ; no       ; On           ;
; K2       ;            ; 6A       ; VCCIO6A                                    ; power  ;              ; 2.5V    ; --         ;                 ; --       ; --           ;
; K3       ; 254        ; 6A       ; RESERVED_INPUT_WITH_WEAK_PULLUP            ;        ;              ;         ; Row I/O    ;                 ; no       ; On           ;
; K4       ; 270        ; 6A       ; RESERVED_INPUT_WITH_WEAK_PULLUP            ;        ;              ;         ; Row I/O    ;                 ; no       ; On           ;
; K5       ; 272        ; 6A       ; RESERVED_INPUT_WITH_WEAK_PULLUP            ;        ;              ;         ; Row I/O    ;                 ; no       ; On           ;
; K6       ; 245        ; 6A       ; mem_read_data[18]                          ; input  ; 2.5 V        ;         ; Row I/O    ; N               ; no       ; Off          ;
; K7       ; 261        ; 6A       ; RESERVED_INPUT_WITH_WEAK_PULLUP            ;        ;              ;         ; Row I/O    ;                 ; no       ; On           ;
; K8       ; 269        ; 6A       ; mem_read_data[21]                          ; input  ; 2.5 V        ;         ; Row I/O    ; N               ; no       ; Off          ;
; K9       ; 271        ; 6A       ; RESERVED_INPUT_WITH_WEAK_PULLUP            ;        ;              ;         ; Row I/O    ;                 ; no       ; On           ;
; K10      ; 306        ; 7A       ; RESERVED_INPUT_WITH_WEAK_PULLUP            ;        ;              ;         ; Column I/O ;                 ; no       ; On           ;
; K11      ; 318        ; 7A       ; RESERVED_INPUT_WITH_WEAK_PULLUP            ;        ;              ;         ; Column I/O ;                 ; no       ; On           ;
; K12      ; 352        ; 7A       ; RESERVED_INPUT_WITH_WEAK_PULLUP            ;        ;              ;         ; Column I/O ;                 ; no       ; On           ;
; K13      ; 350        ; 7A       ; RESERVED_INPUT_WITH_WEAK_PULLUP            ;        ;              ;         ; Column I/O ;                 ; no       ; On           ;
; K14      ; 358        ; 7A       ; RESERVED_INPUT_WITH_WEAK_PULLUP            ;        ;              ;         ; Column I/O ;                 ; no       ; On           ;
; K15      ; 396        ; 8A       ; RESERVED_INPUT_WITH_WEAK_PULLUP            ;        ;              ;         ; Column I/O ;                 ; no       ; On           ;
; K16      ; 410        ; 8A       ; RESERVED_INPUT_WITH_WEAK_PULLUP            ;        ;              ;         ; Column I/O ;                 ; no       ; On           ;
; K17      ;            ; --       ; VCC                                        ; power  ;              ; 0.9V    ; --         ;                 ; --       ; --           ;
; K18      ; 418        ; 8A       ; RESERVED_INPUT_WITH_WEAK_PULLUP            ;        ;              ;         ; Column I/O ;                 ; no       ; On           ;
; K19      ; 426        ; 8A       ; RESERVED_INPUT_WITH_WEAK_PULLUP            ;        ;              ;         ; Column I/O ;                 ; no       ; On           ;
; K20      ; 407        ; 8A       ; RESERVED_INPUT_WITH_WEAK_PULLUP            ;        ;              ;         ; Column I/O ;                 ; no       ; On           ;
; K21      ; 427        ; 8A       ; RESERVED_INPUT_WITH_WEAK_PULLUP            ;        ;              ;         ; Column I/O ;                 ; no       ; On           ;
; K22      ; 432        ; 8C       ; ^DATA0                                     ; input  ;              ;         ; --         ;                 ; --       ; --           ;
; K23      ;            ;          ; GND                                        ; gnd    ;              ;         ; --         ;                 ; --       ; --           ;
; K24      ; 436        ; 8C       ; ^DCLK                                      ; bidir  ;              ;         ; --         ;                 ; --       ; --           ;
; K25      ; 1          ; QL1      ; GXB_NC                                     ;        ;              ;         ; --         ;                 ; --       ; --           ;
; K26      ; 0          ; QL1      ; GXB_NC                                     ;        ;              ;         ; --         ;                 ; --       ; --           ;
; K27      ;            ;          ; GND                                        ; gnd    ;              ;         ; --         ;                 ; --       ; --           ;
; K28      ;            ;          ; GND                                        ; gnd    ;              ;         ; --         ;                 ; --       ; --           ;
; L1       ; 241        ; 6A       ; mem_addr[0]                                ; output ; 2.5 V        ;         ; Row I/O    ; N               ; no       ; Off          ;
; L2       ;            ;          ; GND                                        ; gnd    ;              ;         ; --         ;                 ; --       ; --           ;
; L3       ; 244        ; 6A       ; mem_addr[8]                                ; output ; 2.5 V        ;         ; Row I/O    ; N               ; no       ; Off          ;
; L4       ; 256        ; 6A       ; mem_addr[1]                                ; output ; 2.5 V        ;         ; Row I/O    ; N               ; no       ; Off          ;
; L5       ;            ;          ; GND                                        ; gnd    ;              ;         ; --         ;                 ; --       ; --           ;
; L6       ; 235        ; 5A       ; mem_addr[9]                                ; output ; 2.5 V        ;         ; Row I/O    ; N               ; no       ; Off          ;
; L7       ; 247        ; 6A       ; mem_read_data[26]                          ; input  ; 2.5 V        ;         ; Row I/O    ; N               ; no       ; Off          ;
; L8       ;            ;          ; GND                                        ; gnd    ;              ;         ; --         ;                 ; --       ; --           ;
; L9       ;            ; 6A       ; VREFB6AN0                                  ; power  ;              ;         ; --         ;                 ; --       ; --           ;
; L10      ;            ; --       ; VCC                                        ; power  ;              ; 0.9V    ; --         ;                 ; --       ; --           ;
; L11      ;            ;          ; GND                                        ; gnd    ;              ;         ; --         ;                 ; --       ; --           ;
; L12      ;            ; --       ; VCC                                        ; power  ;              ; 0.9V    ; --         ;                 ; --       ; --           ;
; L13      ;            ; --       ; VCC                                        ; power  ;              ; 0.9V    ; --         ;                 ; --       ; --           ;
; L14      ;            ;          ; GND                                        ; gnd    ;              ;         ; --         ;                 ; --       ; --           ;
; L15      ; 394        ; 8A       ; RESERVED_INPUT_WITH_WEAK_PULLUP            ;        ;              ;         ; Column I/O ;                 ; no       ; On           ;
; L16      ;            ; --       ; VCC                                        ; power  ;              ; 0.9V    ; --         ;                 ; --       ; --           ;
; L17      ;            ;          ; GND                                        ; gnd    ;              ;         ; --         ;                 ; --       ; --           ;
; L18      ;            ; --       ; VCC                                        ; power  ;              ; 0.9V    ; --         ;                 ; --       ; --           ;
; L19      ; 405        ; 8A       ; RESERVED_INPUT_WITH_WEAK_PULLUP            ;        ;              ;         ; Column I/O ;                 ; no       ; On           ;
; L20      ;            ;          ; GND                                        ; gnd    ;              ;         ; --         ;                 ; --       ; --           ;
; L21      ; 425        ; 8A       ; RESERVED_INPUT_WITH_WEAK_PULLUP            ;        ;              ;         ; Column I/O ;                 ; no       ; On           ;
; L22      ;            ; --       ; VCCH_GXB                                   ; power  ;              ; 1.5V    ; --         ;                 ; --       ; --           ;
; L23      ; 429        ; 8C       ; #TDO                                       ; output ;              ;         ; --         ;                 ; --       ; --           ;
; L24      ; 435        ; 8C       ; #TCK                                       ; input  ;              ;         ; --         ;                 ; --       ; --           ;
; L25      ;            ;          ; GND                                        ; gnd    ;              ;         ; --         ;                 ; --       ; --           ;
; L26      ;            ;          ; GND                                        ; gnd    ;              ;         ; --         ;                 ; --       ; --           ;
; L27      ; 3          ; QL1      ; GXB_GND*                                   ;        ;              ;         ; --         ;                 ; --       ; --           ;
; L28      ; 2          ; QL1      ; GXB_GND*                                   ;        ;              ;         ; --         ;                 ; --       ; --           ;
; M1       ; 240        ; 6A       ; GND+                                       ;        ;              ;         ; Row I/O    ;                 ; --       ; --           ;
; M2       ; 242        ; 6A       ; output_addr[8]                             ; input  ; 2.5 V        ;         ; Row I/O    ; N               ; no       ; Off          ;
; M3       ; 246        ; 6A       ; RESERVED_INPUT_WITH_WEAK_PULLUP            ;        ;              ;         ; Row I/O    ;                 ; no       ; On           ;
; M4       ; 248        ; 6A       ; mem_addr[10]                               ; output ; 2.5 V        ;         ; Row I/O    ; N               ; no       ; Off          ;
; M5       ; 233        ; 5A       ; mem_addr[7]                                ; output ; 2.5 V        ;         ; Row I/O    ; N               ; no       ; Off          ;
; M6       ; 227        ; 5A       ; mem_addr[11]                               ; output ; 2.5 V        ;         ; Row I/O    ; N               ; no       ; Off          ;
; M7       ;            ; 6A       ; VCCPD6A                                    ; power  ;              ; 2.5V    ; --         ;                 ; --       ; --           ;
; M8       ;            ; 6A       ; VCCPD6A                                    ; power  ;              ; 2.5V    ; --         ;                 ; --       ; --           ;
; M9       ;            ; --       ; VCC                                        ; power  ;              ; 0.9V    ; --         ;                 ; --       ; --           ;
; M10      ;            ;          ; GND                                        ; gnd    ;              ;         ; --         ;                 ; --       ; --           ;
; M11      ;            ; --       ; VCC                                        ; power  ;              ; 0.9V    ; --         ;                 ; --       ; --           ;
; M12      ;            ;          ; GND                                        ; gnd    ;              ;         ; --         ;                 ; --       ; --           ;
; M13      ;            ; --       ; VCC                                        ; power  ;              ; 0.9V    ; --         ;                 ; --       ; --           ;
; M14      ;            ;          ; GND                                        ; gnd    ;              ;         ; --         ;                 ; --       ; --           ;
; M15      ;            ; --       ; VCC                                        ; power  ;              ; 0.9V    ; --         ;                 ; --       ; --           ;
; M16      ;            ;          ; GND                                        ; gnd    ;              ;         ; --         ;                 ; --       ; --           ;
; M17      ;            ; --       ; VCC                                        ; power  ;              ; 0.9V    ; --         ;                 ; --       ; --           ;
; M18      ;            ;          ; GND                                        ; gnd    ;              ;         ; --         ;                 ; --       ; --           ;
; M19      ;            ; --       ; VCC                                        ; power  ;              ; 0.9V    ; --         ;                 ; --       ; --           ;
; M20      ;            ; --       ; VCC                                        ; power  ;              ; 0.9V    ; --         ;                 ; --       ; --           ;
; M21      ;            ; --       ; VCCA                                       ; power  ;              ; 2.5V    ; --         ;                 ; --       ; --           ;
; M22      ;            ; --       ; VCCH_GXB                                   ; power  ;              ; 1.5V    ; --         ;                 ; --       ; --           ;
; M23      ;            ; --       ; VCCL_GXB                                   ; power  ;              ; 1.1V    ; --         ;                 ; --       ; --           ;
; M24      ;            ;          ; GND                                        ; gnd    ;              ;         ; --         ;                 ; --       ; --           ;
; M25      ; 5          ; QL1      ; GXB_NC                                     ;        ;              ;         ; --         ;                 ; --       ; --           ;
; M26      ; 4          ; QL1      ; GXB_NC                                     ;        ;              ;         ; --         ;                 ; --       ; --           ;
; M27      ;            ;          ; GND                                        ; gnd    ;              ;         ; --         ;                 ; --       ; --           ;
; M28      ;            ;          ; GND                                        ; gnd    ;              ;         ; --         ;                 ; --       ; --           ;
; N1       ; 238        ; 6A       ; GND+                                       ;        ;              ;         ; Row I/O    ;                 ; --       ; --           ;
; N2       ;            ;          ; GND                                        ; gnd    ;              ;         ; --         ;                 ; --       ; --           ;
; N3       ; 239        ; 5A       ; GND+                                       ;        ;              ;         ; Row I/O    ;                 ; --       ; --           ;
; N4       ; 209        ; 5A       ; output_addr[1]                             ; input  ; 2.5 V        ;         ; Row I/O    ; N               ; no       ; Off          ;
; N5       ;            ;          ; GND                                        ; gnd    ;              ;         ; --         ;                 ; --       ; --           ;
; N6       ; 225        ; 5A       ; mem_addr[3]                                ; output ; 2.5 V        ;         ; Row I/O    ; N               ; no       ; Off          ;
; N7       ;            ; --       ; VCCCB                                      ; power  ;              ; 1.5V    ; --         ;                 ; --       ; --           ;
; N8       ;            ;          ; GND                                        ; gnd    ;              ;         ; --         ;                 ; --       ; --           ;
; N9       ;            ;          ; GND                                        ; gnd    ;              ;         ; --         ;                 ; --       ; --           ;
; N10      ;            ; --       ; VCC                                        ; power  ;              ; 0.9V    ; --         ;                 ; --       ; --           ;
; N11      ;            ;          ; GND                                        ; gnd    ;              ;         ; --         ;                 ; --       ; --           ;
; N12      ;            ; --       ; VCC                                        ; power  ;              ; 0.9V    ; --         ;                 ; --       ; --           ;
; N13      ;            ;          ; GND                                        ; gnd    ;              ;         ; --         ;                 ; --       ; --           ;
; N14      ;            ; --       ; VCC                                        ; power  ;              ; 0.9V    ; --         ;                 ; --       ; --           ;
; N15      ;            ;          ; GND                                        ; gnd    ;              ;         ; --         ;                 ; --       ; --           ;
; N16      ;            ; --       ; VCC                                        ; power  ;              ; 0.9V    ; --         ;                 ; --       ; --           ;
; N17      ;            ;          ; GND                                        ; gnd    ;              ;         ; --         ;                 ; --       ; --           ;
; N18      ;            ; --       ; VCC                                        ; power  ;              ; 0.9V    ; --         ;                 ; --       ; --           ;
; N19      ;            ;          ; GND                                        ; gnd    ;              ;         ; --         ;                 ; --       ; --           ;
; N20      ;            ; --       ; VCC                                        ; power  ;              ; 0.9V    ; --         ;                 ; --       ; --           ;
; N21      ;            ;          ; GND                                        ; gnd    ;              ;         ; --         ;                 ; --       ; --           ;
; N22      ;            ; --       ; VCCL_GXB                                   ; power  ;              ; 1.1V    ; --         ;                 ; --       ; --           ;
; N23      ;            ;          ; GND                                        ; gnd    ;              ;         ; --         ;                 ; --       ; --           ;
; N24      ;            ; --       ; VCCL_GXB                                   ; power  ;              ; 1.1V    ; --         ;                 ; --       ; --           ;
; N25      ;            ;          ; GND                                        ; gnd    ;              ;         ; --         ;                 ; --       ; --           ;
; N26      ;            ;          ; GND                                        ; gnd    ;              ;         ; --         ;                 ; --       ; --           ;
; N27      ; 7          ; QL1      ; GXB_GND*                                   ;        ;              ;         ; --         ;                 ; --       ; --           ;
; N28      ; 6          ; QL1      ; GXB_GND*                                   ;        ;              ;         ; --         ;                 ; --       ; --           ;
; P1       ; 231        ; 5A       ; mem_addr[15]                               ; output ; 2.5 V        ;         ; Row I/O    ; N               ; no       ; Off          ;
; P2       ; 237        ; 5A       ; GND+                                       ;        ;              ;         ; Row I/O    ;                 ; --       ; --           ;
; P3       ; 234        ; 5A       ; mem_addr[6]                                ; output ; 2.5 V        ;         ; Row I/O    ; N               ; no       ; Off          ;
; P4       ; 236        ; 5A       ; output_addr[12]                            ; input  ; 2.5 V        ;         ; Row I/O    ; N               ; no       ; Off          ;
; P5       ; 211        ; 5A       ; output_addr[15]                            ; input  ; 2.5 V        ;         ; Row I/O    ; N               ; no       ; Off          ;
; P6       ; 219        ; 5A       ; message_addr[7]                            ; input  ; 2.5 V        ;         ; Row I/O    ; N               ; no       ; Off          ;
; P7       ;            ;          ; NC                                         ;        ;              ;         ; --         ;                 ; --       ; --           ;
; P8       ;            ;          ; NC                                         ;        ;              ;         ; --         ;                 ; --       ; --           ;
; P9       ;            ; --       ; VCC                                        ; power  ;              ; 0.9V    ; --         ;                 ; --       ; --           ;
; P10      ;            ;          ; GND                                        ; gnd    ;              ;         ; --         ;                 ; --       ; --           ;
; P11      ;            ; --       ; VCC                                        ; power  ;              ; 0.9V    ; --         ;                 ; --       ; --           ;
; P12      ;            ;          ; GND                                        ; gnd    ;              ;         ; --         ;                 ; --       ; --           ;
; P13      ;            ; --       ; VCC                                        ; power  ;              ; 0.9V    ; --         ;                 ; --       ; --           ;
; P14      ;            ;          ; GND                                        ; gnd    ;              ;         ; --         ;                 ; --       ; --           ;
; P15      ;            ; --       ; VCC                                        ; power  ;              ; 0.9V    ; --         ;                 ; --       ; --           ;
; P16      ;            ;          ; GND                                        ; gnd    ;              ;         ; --         ;                 ; --       ; --           ;
; P17      ;            ; --       ; VCC                                        ; power  ;              ; 0.9V    ; --         ;                 ; --       ; --           ;
; P18      ;            ;          ; GND                                        ; gnd    ;              ;         ; --         ;                 ; --       ; --           ;
; P19      ;            ; --       ; VCC                                        ; power  ;              ; 0.9V    ; --         ;                 ; --       ; --           ;
; P20      ;            ;          ; NC                                         ;        ;              ;         ; --         ;                 ; --       ; --           ;
; P21      ;            ; --       ; VCCL_GXB                                   ; power  ;              ; 1.1V    ; --         ;                 ; --       ; --           ;
; P22      ;            ;          ; GND                                        ; gnd    ;              ;         ; --         ;                 ; --       ; --           ;
; P23      ;            ; --       ; VCCL_GXB                                   ; power  ;              ; 1.1V    ; --         ;                 ; --       ; --           ;
; P24      ;            ;          ; GND                                        ; gnd    ;              ;         ; --         ;                 ; --       ; --           ;
; P25      ; 9          ; QL1      ; GXB_GND*                                   ;        ;              ;         ; Row I/O    ;                 ; --       ; --           ;
; P26      ; 8          ; QL1      ; GXB_GND*                                   ;        ;              ;         ; Row I/O    ;                 ; --       ; --           ;
; P27      ;            ;          ; GND                                        ; gnd    ;              ;         ; --         ;                 ; --       ; --           ;
; P28      ;            ;          ; GND                                        ; gnd    ;              ;         ; --         ;                 ; --       ; --           ;
; R1       ; 229        ; 5A       ; message_addr[14]                           ; input  ; 2.5 V        ;         ; Row I/O    ; N               ; no       ; Off          ;
; R2       ;            ; 5A       ; VCCIO5A                                    ; power  ;              ; 2.5V    ; --         ;                 ; --       ; --           ;
; R3       ; 224        ; 5A       ; message_addr[2]                            ; input  ; 2.5 V        ;         ; Row I/O    ; N               ; no       ; Off          ;
; R4       ; 230        ; 5A       ; output_addr[4]                             ; input  ; 2.5 V        ;         ; Row I/O    ; N               ; no       ; Off          ;
; R5       ; 232        ; 5A       ; done                                       ; output ; 2.5 V        ;         ; Row I/O    ; N               ; no       ; Off          ;
; R6       ; 217        ; 5A       ; message_addr[12]                           ; input  ; 2.5 V        ;         ; Row I/O    ; N               ; no       ; Off          ;
; R7       ;            ;          ; NC                                         ;        ;              ;         ; --         ;                 ; --       ; --           ;
; R8       ;            ;          ; NC                                         ;        ;              ;         ; --         ;                 ; --       ; --           ;
; R9       ;            ;          ; GND                                        ; gnd    ;              ;         ; --         ;                 ; --       ; --           ;
; R10      ;            ; --       ; VCC                                        ; power  ;              ; 0.9V    ; --         ;                 ; --       ; --           ;
; R11      ;            ;          ; GND                                        ; gnd    ;              ;         ; --         ;                 ; --       ; --           ;
; R12      ;            ; --       ; VCC                                        ; power  ;              ; 0.9V    ; --         ;                 ; --       ; --           ;
; R13      ;            ;          ; GND                                        ; gnd    ;              ;         ; --         ;                 ; --       ; --           ;
; R14      ;            ; --       ; VCC                                        ; power  ;              ; 0.9V    ; --         ;                 ; --       ; --           ;
; R15      ;            ;          ; DNU                                        ;        ;              ;         ; --         ;                 ; --       ; --           ;
; R16      ;            ; --       ; VCC                                        ; power  ;              ; 0.9V    ; --         ;                 ; --       ; --           ;
; R17      ;            ;          ; GND                                        ; gnd    ;              ;         ; --         ;                 ; --       ; --           ;
; R18      ;            ; --       ; VCC                                        ; power  ;              ; 0.9V    ; --         ;                 ; --       ; --           ;
; R19      ;            ;          ; GND                                        ; gnd    ;              ;         ; --         ;                 ; --       ; --           ;
; R20      ;            ; --       ; VCCA                                       ; power  ;              ; 2.5V    ; --         ;                 ; --       ; --           ;
; R21      ;            ;          ; GND                                        ; gnd    ;              ;         ; --         ;                 ; --       ; --           ;
; R22      ;            ; --       ; VCCL_GXB                                   ; power  ;              ; 1.1V    ; --         ;                 ; --       ; --           ;
; R23      ;            ;          ; GND                                        ; gnd    ;              ;         ; --         ;                 ; --       ; --           ;
; R24      ;            ;          ; NC                                         ;        ;              ;         ; --         ;                 ; --       ; --           ;
; R25      ;            ;          ; GND                                        ; gnd    ;              ;         ; --         ;                 ; --       ; --           ;
; R26      ;            ;          ; GND                                        ; gnd    ;              ;         ; --         ;                 ; --       ; --           ;
; R27      ; 11         ; QL1      ; GXB_GND*                                   ;        ;              ;         ; Row I/O    ;                 ; --       ; --           ;
; R28      ; 10         ; QL1      ; GXB_GND*                                   ;        ;              ;         ; Row I/O    ;                 ; --       ; --           ;
; T1       ; 228        ; 5A       ; message_addr[0]                            ; input  ; 2.5 V        ;         ; Row I/O    ; N               ; no       ; Off          ;
; T2       ;            ;          ; GND                                        ; gnd    ;              ;         ; --         ;                 ; --       ; --           ;
; T3       ; 222        ; 5A       ; message_addr[11]                           ; input  ; 2.5 V        ;         ; Row I/O    ; N               ; no       ; Off          ;
; T4       ; 223        ; 5A       ; output_addr[2]                             ; input  ; 2.5 V        ;         ; Row I/O    ; N               ; no       ; Off          ;
; T5       ;            ;          ; GND                                        ; gnd    ;              ;         ; --         ;                 ; --       ; --           ;
; T6       ; 201        ; 5A       ; output_addr[3]                             ; input  ; 2.5 V        ;         ; Row I/O    ; N               ; no       ; Off          ;
; T7       ; 203        ; 5A       ; output_addr[11]                            ; input  ; 2.5 V        ;         ; Row I/O    ; N               ; no       ; Off          ;
; T8       ;            ;          ; GND                                        ; gnd    ;              ;         ; --         ;                 ; --       ; --           ;
; T9       ;            ; --       ; VCC                                        ; power  ;              ; 0.9V    ; --         ;                 ; --       ; --           ;
; T10      ;            ;          ; GND                                        ; gnd    ;              ;         ; --         ;                 ; --       ; --           ;
; T11      ;            ; --       ; VCC                                        ; power  ;              ; 0.9V    ; --         ;                 ; --       ; --           ;
; T12      ;            ;          ; GND                                        ; gnd    ;              ;         ; --         ;                 ; --       ; --           ;
; T13      ;            ; --       ; VCC                                        ; power  ;              ; 0.9V    ; --         ;                 ; --       ; --           ;
; T14      ;            ;          ; GND                                        ; gnd    ;              ;         ; --         ;                 ; --       ; --           ;
; T15      ;            ; --       ; VCC                                        ; power  ;              ; 0.9V    ; --         ;                 ; --       ; --           ;
; T16      ;            ;          ; GND                                        ; gnd    ;              ;         ; --         ;                 ; --       ; --           ;
; T17      ;            ; --       ; VCC                                        ; power  ;              ; 0.9V    ; --         ;                 ; --       ; --           ;
; T18      ;            ;          ; GND                                        ; gnd    ;              ;         ; --         ;                 ; --       ; --           ;
; T19      ;            ; --       ; VCC                                        ; power  ;              ; 0.9V    ; --         ;                 ; --       ; --           ;
; T20      ;            ;          ; GND                                        ; gnd    ;              ;         ; --         ;                 ; --       ; --           ;
; T21      ;            ;          ; NC                                         ;        ;              ;         ; --         ;                 ; --       ; --           ;
; T22      ;            ;          ; GND                                        ; gnd    ;              ;         ; --         ;                 ; --       ; --           ;
; T23      ;            ;          ; NC                                         ;        ;              ;         ; --         ;                 ; --       ; --           ;
; T24      ;            ;          ; GND                                        ; gnd    ;              ;         ; --         ;                 ; --       ; --           ;
; T25      ; 13         ; QL1      ; GXB_NC                                     ;        ;              ;         ; --         ;                 ; --       ; --           ;
; T26      ; 12         ; QL1      ; GXB_NC                                     ;        ;              ;         ; --         ;                 ; --       ; --           ;
; T27      ;            ;          ; GND                                        ; gnd    ;              ;         ; --         ;                 ; --       ; --           ;
; T28      ;            ;          ; GND                                        ; gnd    ;              ;         ; --         ;                 ; --       ; --           ;
; U1       ; 226        ; 5A       ; mem_addr[2]                                ; output ; 2.5 V        ;         ; Row I/O    ; N               ; no       ; Off          ;
; U2       ;            ; 5A       ; VCCIO5A                                    ; power  ;              ; 2.5V    ; --         ;                 ; --       ; --           ;
; U3       ; 221        ; 5A       ; message_addr[13]                           ; input  ; 2.5 V        ;         ; Row I/O    ; N               ; no       ; Off          ;
; U4       ; 218        ; 5A       ; message_addr[4]                            ; input  ; 2.5 V        ;         ; Row I/O    ; N               ; no       ; Off          ;
; U5       ; 220        ; 5A       ; output_addr[10]                            ; input  ; 2.5 V        ;         ; Row I/O    ; N               ; no       ; Off          ;
; U6       ; 195        ; 5A       ; mem_addr[12]                               ; output ; 2.5 V        ;         ; Row I/O    ; N               ; no       ; Off          ;
; U7       ;            ; 5A       ; VCCPD5A                                    ; power  ;              ; 2.5V    ; --         ;                 ; --       ; --           ;
; U8       ;            ; 5A       ; VCCPD5A                                    ; power  ;              ; 2.5V    ; --         ;                 ; --       ; --           ;
; U9       ;            ;          ; GND                                        ; gnd    ;              ;         ; --         ;                 ; --       ; --           ;
; U10      ;            ; --       ; VCC                                        ; power  ;              ; 0.9V    ; --         ;                 ; --       ; --           ;
; U11      ;            ;          ; GND                                        ; gnd    ;              ;         ; --         ;                 ; --       ; --           ;
; U12      ;            ; --       ; VCC                                        ; power  ;              ; 0.9V    ; --         ;                 ; --       ; --           ;
; U13      ;            ;          ; GND                                        ; gnd    ;              ;         ; --         ;                 ; --       ; --           ;
; U14      ;            ; --       ; VCC                                        ; power  ;              ; 0.9V    ; --         ;                 ; --       ; --           ;
; U15      ;            ;          ; GND                                        ; gnd    ;              ;         ; --         ;                 ; --       ; --           ;
; U16      ;            ; --       ; VCC                                        ; power  ;              ; 0.9V    ; --         ;                 ; --       ; --           ;
; U17      ;            ;          ; GND                                        ; gnd    ;              ;         ; --         ;                 ; --       ; --           ;
; U18      ;            ; --       ; VCC                                        ; power  ;              ; 0.9V    ; --         ;                 ; --       ; --           ;
; U19      ;            ;          ; GND                                        ; gnd    ;              ;         ; --         ;                 ; --       ; --           ;
; U20      ;            ; --       ; VCC                                        ; power  ;              ; 0.9V    ; --         ;                 ; --       ; --           ;
; U21      ;            ;          ; NC                                         ;        ;              ;         ; --         ;                 ; --       ; --           ;
; U22      ;            ; --       ; VCCH_GXB                                   ; power  ;              ; 1.5V    ; --         ;                 ; --       ; --           ;
; U23      ;            ; --       ; VCCH_GXB                                   ; power  ;              ; 1.5V    ; --         ;                 ; --       ; --           ;
; U24      ; 49         ; 3A       ; mem_write_data[6]                          ; output ; 2.5 V        ;         ; Column I/O ; N               ; no       ; Off          ;
; U25      ;            ;          ; GND                                        ; gnd    ;              ;         ; --         ;                 ; --       ; --           ;
; U26      ;            ;          ; GND                                        ; gnd    ;              ;         ; --         ;                 ; --       ; --           ;
; U27      ; 15         ; QL1      ; GXB_GND*                                   ;        ;              ;         ; --         ;                 ; --       ; --           ;
; U28      ; 14         ; QL1      ; GXB_GND*                                   ;        ;              ;         ; --         ;                 ; --       ; --           ;
; V1       ; 215        ; 5A       ; message_addr[3]                            ; input  ; 2.5 V        ;         ; Row I/O    ; N               ; no       ; Off          ;
; V2       ;            ;          ; GND                                        ; gnd    ;              ;         ; --         ;                 ; --       ; --           ;
; V3       ; 210        ; 5A       ; output_addr[7]                             ; input  ; 2.5 V        ;         ; Row I/O    ; N               ; no       ; Off          ;
; V4       ; 212        ; 5A       ; output_addr[9]                             ; input  ; 2.5 V        ;         ; Row I/O    ; N               ; no       ; Off          ;
; V5       ;            ;          ; GND                                        ; gnd    ;              ;         ; --         ;                 ; --       ; --           ;
; V6       ; 193        ; 5A       ; mem_read_data[7]                           ; input  ; 2.5 V        ;         ; Row I/O    ; N               ; no       ; Off          ;
; V7       ; 187        ; 5A       ; mem_read_data[2]                           ; input  ; 2.5 V        ;         ; Row I/O    ; N               ; no       ; Off          ;
; V8       ;            ;          ; GND                                        ; gnd    ;              ;         ; --         ;                 ; --       ; --           ;
; V9       ;            ; --       ; VCC                                        ; power  ;              ; 0.9V    ; --         ;                 ; --       ; --           ;
; V10      ;            ;          ; GND                                        ; gnd    ;              ;         ; --         ;                 ; --       ; --           ;
; V11      ;            ; --       ; VCC                                        ; power  ;              ; 0.9V    ; --         ;                 ; --       ; --           ;
; V12      ;            ;          ; GND                                        ; gnd    ;              ;         ; --         ;                 ; --       ; --           ;
; V13      ;            ; --       ; VCC                                        ; power  ;              ; 0.9V    ; --         ;                 ; --       ; --           ;
; V14      ;            ;          ; GND                                        ; gnd    ;              ;         ; --         ;                 ; --       ; --           ;
; V15      ;            ; --       ; VCC                                        ; power  ;              ; 0.9V    ; --         ;                 ; --       ; --           ;
; V16      ;            ;          ; GND                                        ; gnd    ;              ;         ; --         ;                 ; --       ; --           ;
; V17      ;            ; --       ; VCC                                        ; power  ;              ; 0.9V    ; --         ;                 ; --       ; --           ;
; V18      ;            ;          ; GND                                        ; gnd    ;              ;         ; --         ;                 ; --       ; --           ;
; V19      ;            ; --       ; VCC                                        ; power  ;              ; 0.9V    ; --         ;                 ; --       ; --           ;
; V20      ;            ;          ; GND                                        ; gnd    ;              ;         ; --         ;                 ; --       ; --           ;
; V21      ;            ; --       ; VCC                                        ; power  ;              ; 0.9V    ; --         ;                 ; --       ; --           ;
; V22      ; 75         ; 3A       ; RESERVED_INPUT_WITH_WEAK_PULLUP            ;        ;              ;         ; Column I/O ;                 ; no       ; On           ;
; V23      ; 73         ; 3A       ; RESERVED_INPUT_WITH_WEAK_PULLUP            ;        ;              ;         ; Column I/O ;                 ; no       ; On           ;
; V24      ; 51         ; 3A       ; mem_write_data[14]                         ; output ; 2.5 V        ;         ; Column I/O ; N               ; no       ; Off          ;
; V25      ; 17         ; QL1      ; GXB_NC                                     ;        ;              ;         ; --         ;                 ; --       ; --           ;
; V26      ; 16         ; QL1      ; GXB_NC                                     ;        ;              ;         ; --         ;                 ; --       ; --           ;
; V27      ;            ;          ; GND                                        ; gnd    ;              ;         ; --         ;                 ; --       ; --           ;
; V28      ;            ;          ; GND                                        ; gnd    ;              ;         ; --         ;                 ; --       ; --           ;
; W1       ; 213        ; 5A       ; message_addr[15]                           ; input  ; 2.5 V        ;         ; Row I/O    ; N               ; no       ; Off          ;
; W2       ; 214        ; 5A       ; message_addr[9]                            ; input  ; 2.5 V        ;         ; Row I/O    ; N               ; no       ; Off          ;
; W3       ; 216        ; 5A       ; message_addr[8]                            ; input  ; 2.5 V        ;         ; Row I/O    ; N               ; no       ; Off          ;
; W4       ; 194        ; 5A       ; mem_addr[14]                               ; output ; 2.5 V        ;         ; Row I/O    ; N               ; no       ; Off          ;
; W5       ; 196        ; 5A       ; start                                      ; input  ; 2.5 V        ;         ; Row I/O    ; N               ; no       ; Off          ;
; W6       ; 185        ; 5A       ; mem_read_data[23]                          ; input  ; 2.5 V        ;         ; Row I/O    ; N               ; no       ; Off          ;
; W7       ;            ; 5A       ; VREFB5AN0                                  ; power  ;              ;         ; --         ;                 ; --       ; --           ;
; W8       ; 177        ; 5A       ; mem_read_data[24]                          ; input  ; 2.5 V        ;         ; Row I/O    ; N               ; no       ; Off          ;
; W9       ;            ;          ; GND                                        ; gnd    ;              ;         ; --         ;                 ; --       ; --           ;
; W10      ; 159        ; 4A       ; RESERVED_INPUT_WITH_WEAK_PULLUP            ;        ;              ;         ; Column I/O ;                 ; no       ; On           ;
; W11      ; 143        ; 4A       ; RESERVED_INPUT_WITH_WEAK_PULLUP            ;        ;              ;         ; Column I/O ;                 ; no       ; On           ;
; W12      ; 135        ; 4A       ; mem_we                                     ; output ; 2.5 V        ;         ; Column I/O ; N               ; no       ; Off          ;
; W13      ; 133        ; 4A       ; RESERVED_INPUT_WITH_WEAK_PULLUP            ;        ;              ;         ; Column I/O ;                 ; no       ; On           ;
; W14      ;            ; --       ; VCC                                        ; power  ;              ; 0.9V    ; --         ;                 ; --       ; --           ;
; W15      ;            ;          ; GND                                        ; gnd    ;              ;         ; --         ;                 ; --       ; --           ;
; W16      ;            ; --       ; VCC                                        ; power  ;              ; 0.9V    ; --         ;                 ; --       ; --           ;
; W17      ;            ;          ; GND                                        ; gnd    ;              ;         ; --         ;                 ; --       ; --           ;
; W18      ;            ; --       ; VCC                                        ; power  ;              ; 0.9V    ; --         ;                 ; --       ; --           ;
; W19      ;            ;          ; GND                                        ; gnd    ;              ;         ; --         ;                 ; --       ; --           ;
; W20      ;            ; --       ; VCC                                        ; power  ;              ; 0.9V    ; --         ;                 ; --       ; --           ;
; W21      ; 59         ; 3A       ; mem_write_data[18]                         ; output ; 2.5 V        ;         ; Column I/O ; N               ; no       ; Off          ;
; W22      ;            ;          ; GND                                        ; gnd    ;              ;         ; --         ;                 ; --       ; --           ;
; W23      ; 46         ; 3C       ; ^nSTATUS                                   ;        ;              ;         ; --         ;                 ; --       ; --           ;
; W24      ; 45         ; 3C       ; ^MSEL0                                     ;        ;              ;         ; --         ;                 ; --       ; --           ;
; W25      ;            ;          ; GND                                        ; gnd    ;              ;         ; --         ;                 ; --       ; --           ;
; W26      ;            ;          ; GND                                        ; gnd    ;              ;         ; --         ;                 ; --       ; --           ;
; W27      ; 19         ; QL1      ; GXB_GND*                                   ;        ;              ;         ; --         ;                 ; --       ; --           ;
; W28      ; 18         ; QL1      ; GXB_GND*                                   ;        ;              ;         ; --         ;                 ; --       ; --           ;
; Y1       ; 208        ; 5A       ; message_addr[5]                            ; input  ; 2.5 V        ;         ; Row I/O    ; N               ; no       ; Off          ;
; Y2       ;            ; 5A       ; VCCIO5A                                    ; power  ;              ; 2.5V    ; --         ;                 ; --       ; --           ;
; Y3       ; 198        ; 5A       ; mem_addr[4]                                ; output ; 2.5 V        ;         ; Row I/O    ; N               ; no       ; Off          ;
; Y4       ; 200        ; 5A       ; message_addr[6]                            ; input  ; 2.5 V        ;         ; Row I/O    ; N               ; no       ; Off          ;
; Y5       ; 182        ; 5A       ; mem_read_data[8]                           ; input  ; 2.5 V        ;         ; Row I/O    ; N               ; no       ; Off          ;
; Y6       ; 184        ; 5A       ; mem_read_data[1]                           ; input  ; 2.5 V        ;         ; Row I/O    ; N               ; no       ; Off          ;
; Y7       ;            ;          ; GND                                        ; gnd    ;              ;         ; --         ;                 ; --       ; --           ;
; Y8       ;            ;          ; VCCA_PLL_3                                 ; power  ;              ; 2.5V    ; --         ;                 ; --       ; --           ;
; Y9       ; 179        ; 5A       ; mem_read_data[10]                          ; input  ; 2.5 V        ;         ; Row I/O    ; N               ; no       ; Off          ;
; Y10      ; 167        ; 4A       ; RESERVED_INPUT_WITH_WEAK_PULLUP            ;        ;              ;         ; Column I/O ;                 ; no       ; On           ;
; Y11      ; 157        ; 4A       ; RESERVED_INPUT_WITH_WEAK_PULLUP            ;        ;              ;         ; Column I/O ;                 ; no       ; On           ;
; Y12      ; 141        ; 4A       ; RESERVED_INPUT_WITH_WEAK_PULLUP            ;        ;              ;         ; Column I/O ;                 ; no       ; On           ;
; Y13      ; 111        ; 4A       ; RESERVED_INPUT_WITH_WEAK_PULLUP            ;        ;              ;         ; Column I/O ;                 ; no       ; On           ;
; Y14      ; 109        ; 4A       ; RESERVED_INPUT_WITH_WEAK_PULLUP            ;        ;              ;         ; Column I/O ;                 ; no       ; On           ;
; Y15      ;            ; --       ; VCCCB                                      ; power  ;              ; 1.5V    ; --         ;                 ; --       ; --           ;
; Y16      ; 83         ; 3A       ; RESERVED_INPUT_WITH_WEAK_PULLUP            ;        ;              ;         ; Column I/O ;                 ; no       ; On           ;
; Y17      ;            ; 3A       ; VREFB3AN0                                  ; power  ;              ;         ; --         ;                 ; --       ; --           ;
; Y18      ; 91         ; 3A       ; RESERVED_INPUT_WITH_WEAK_PULLUP            ;        ;              ;         ; Column I/O ;                 ; no       ; On           ;
; Y19      ; 67         ; 3A       ; mem_write_data[5]                          ; output ; 2.5 V        ;         ; Column I/O ; N               ; no       ; Off          ;
; Y20      ; 65         ; 3A       ; mem_write_data[1]                          ; output ; 2.5 V        ;         ; Column I/O ; N               ; no       ; Off          ;
; Y21      ;            ; 3C       ; VCCPD3C                                    ; power  ;              ; 2.5V    ; --         ;                 ; --       ; --           ;
; Y22      ; 57         ; 3A       ; mem_write_data[4]                          ; output ; 2.5 V        ;         ; Column I/O ; N               ; no       ; Off          ;
; Y23      ; 44         ; 3C       ; ^MSEL1                                     ;        ;              ;         ; --         ;                 ; --       ; --           ;
; Y24      ; 43         ; 3C       ; ^MSEL2                                     ;        ;              ;         ; --         ;                 ; --       ; --           ;
; Y25      ; 21         ; QL0      ; GXB_NC                                     ;        ;              ;         ; --         ;                 ; --       ; --           ;
; Y26      ; 20         ; QL0      ; GXB_NC                                     ;        ;              ;         ; --         ;                 ; --       ; --           ;
; Y27      ;            ;          ; GND                                        ; gnd    ;              ;         ; --         ;                 ; --       ; --           ;
; Y28      ;            ;          ; GND                                        ; gnd    ;              ;         ; --         ;                 ; --       ; --           ;
+----------+------------+----------+--------------------------------------------+--------+--------------+---------+------------+-----------------+----------+--------------+
Note: Pin directions (input, output or bidir) are based on device operating in user mode.


+----------------------------------------------------+
; I/O Assignment Warnings                            ;
+--------------------+-------------------------------+
; Pin Name           ; Reason                        ;
+--------------------+-------------------------------+
; done               ; Incomplete set of assignments ;
; mem_clk            ; Incomplete set of assignments ;
; mem_we             ; Incomplete set of assignments ;
; mem_addr[0]        ; Incomplete set of assignments ;
; mem_addr[1]        ; Incomplete set of assignments ;
; mem_addr[2]        ; Incomplete set of assignments ;
; mem_addr[3]        ; Incomplete set of assignments ;
; mem_addr[4]        ; Incomplete set of assignments ;
; mem_addr[5]        ; Incomplete set of assignments ;
; mem_addr[6]        ; Incomplete set of assignments ;
; mem_addr[7]        ; Incomplete set of assignments ;
; mem_addr[8]        ; Incomplete set of assignments ;
; mem_addr[9]        ; Incomplete set of assignments ;
; mem_addr[10]       ; Incomplete set of assignments ;
; mem_addr[11]       ; Incomplete set of assignments ;
; mem_addr[12]       ; Incomplete set of assignments ;
; mem_addr[13]       ; Incomplete set of assignments ;
; mem_addr[14]       ; Incomplete set of assignments ;
; mem_addr[15]       ; Incomplete set of assignments ;
; mem_write_data[0]  ; Incomplete set of assignments ;
; mem_write_data[1]  ; Incomplete set of assignments ;
; mem_write_data[2]  ; Incomplete set of assignments ;
; mem_write_data[3]  ; Incomplete set of assignments ;
; mem_write_data[4]  ; Incomplete set of assignments ;
; mem_write_data[5]  ; Incomplete set of assignments ;
; mem_write_data[6]  ; Incomplete set of assignments ;
; mem_write_data[7]  ; Incomplete set of assignments ;
; mem_write_data[8]  ; Incomplete set of assignments ;
; mem_write_data[9]  ; Incomplete set of assignments ;
; mem_write_data[10] ; Incomplete set of assignments ;
; mem_write_data[11] ; Incomplete set of assignments ;
; mem_write_data[12] ; Incomplete set of assignments ;
; mem_write_data[13] ; Incomplete set of assignments ;
; mem_write_data[14] ; Incomplete set of assignments ;
; mem_write_data[15] ; Incomplete set of assignments ;
; mem_write_data[16] ; Incomplete set of assignments ;
; mem_write_data[17] ; Incomplete set of assignments ;
; mem_write_data[18] ; Incomplete set of assignments ;
; mem_write_data[19] ; Incomplete set of assignments ;
; mem_write_data[20] ; Incomplete set of assignments ;
; mem_write_data[21] ; Incomplete set of assignments ;
; mem_write_data[22] ; Incomplete set of assignments ;
; mem_write_data[23] ; Incomplete set of assignments ;
; mem_write_data[24] ; Incomplete set of assignments ;
; mem_write_data[25] ; Incomplete set of assignments ;
; mem_write_data[26] ; Incomplete set of assignments ;
; mem_write_data[27] ; Incomplete set of assignments ;
; mem_write_data[28] ; Incomplete set of assignments ;
; mem_write_data[29] ; Incomplete set of assignments ;
; mem_write_data[30] ; Incomplete set of assignments ;
; mem_write_data[31] ; Incomplete set of assignments ;
; clk                ; Incomplete set of assignments ;
; reset_n            ; Incomplete set of assignments ;
; start              ; Incomplete set of assignments ;
; message_addr[0]    ; Incomplete set of assignments ;
; output_addr[0]     ; Incomplete set of assignments ;
; message_addr[1]    ; Incomplete set of assignments ;
; output_addr[1]     ; Incomplete set of assignments ;
; message_addr[2]    ; Incomplete set of assignments ;
; output_addr[2]     ; Incomplete set of assignments ;
; message_addr[3]    ; Incomplete set of assignments ;
; output_addr[3]     ; Incomplete set of assignments ;
; message_addr[4]    ; Incomplete set of assignments ;
; output_addr[4]     ; Incomplete set of assignments ;
; message_addr[5]    ; Incomplete set of assignments ;
; output_addr[5]     ; Incomplete set of assignments ;
; message_addr[6]    ; Incomplete set of assignments ;
; output_addr[6]     ; Incomplete set of assignments ;
; message_addr[7]    ; Incomplete set of assignments ;
; output_addr[7]     ; Incomplete set of assignments ;
; message_addr[8]    ; Incomplete set of assignments ;
; output_addr[8]     ; Incomplete set of assignments ;
; message_addr[9]    ; Incomplete set of assignments ;
; output_addr[9]     ; Incomplete set of assignments ;
; message_addr[10]   ; Incomplete set of assignments ;
; output_addr[10]    ; Incomplete set of assignments ;
; message_addr[11]   ; Incomplete set of assignments ;
; output_addr[11]    ; Incomplete set of assignments ;
; message_addr[12]   ; Incomplete set of assignments ;
; output_addr[12]    ; Incomplete set of assignments ;
; message_addr[13]   ; Incomplete set of assignments ;
; output_addr[13]    ; Incomplete set of assignments ;
; message_addr[14]   ; Incomplete set of assignments ;
; output_addr[14]    ; Incomplete set of assignments ;
; message_addr[15]   ; Incomplete set of assignments ;
; output_addr[15]    ; Incomplete set of assignments ;
; mem_read_data[0]   ; Incomplete set of assignments ;
; mem_read_data[1]   ; Incomplete set of assignments ;
; mem_read_data[2]   ; Incomplete set of assignments ;
; mem_read_data[3]   ; Incomplete set of assignments ;
; mem_read_data[4]   ; Incomplete set of assignments ;
; mem_read_data[5]   ; Incomplete set of assignments ;
; mem_read_data[6]   ; Incomplete set of assignments ;
; mem_read_data[7]   ; Incomplete set of assignments ;
; mem_read_data[8]   ; Incomplete set of assignments ;
; mem_read_data[9]   ; Incomplete set of assignments ;
; mem_read_data[10]  ; Incomplete set of assignments ;
; mem_read_data[11]  ; Incomplete set of assignments ;
; mem_read_data[12]  ; Incomplete set of assignments ;
; mem_read_data[13]  ; Incomplete set of assignments ;
; mem_read_data[14]  ; Incomplete set of assignments ;
; mem_read_data[15]  ; Incomplete set of assignments ;
; mem_read_data[16]  ; Incomplete set of assignments ;
; mem_read_data[17]  ; Incomplete set of assignments ;
; mem_read_data[18]  ; Incomplete set of assignments ;
; mem_read_data[19]  ; Incomplete set of assignments ;
; mem_read_data[20]  ; Incomplete set of assignments ;
; mem_read_data[21]  ; Incomplete set of assignments ;
; mem_read_data[22]  ; Incomplete set of assignments ;
; mem_read_data[23]  ; Incomplete set of assignments ;
; mem_read_data[24]  ; Incomplete set of assignments ;
; mem_read_data[25]  ; Incomplete set of assignments ;
; mem_read_data[26]  ; Incomplete set of assignments ;
; mem_read_data[27]  ; Incomplete set of assignments ;
; mem_read_data[28]  ; Incomplete set of assignments ;
; mem_read_data[29]  ; Incomplete set of assignments ;
; mem_read_data[30]  ; Incomplete set of assignments ;
; mem_read_data[31]  ; Incomplete set of assignments ;
; done               ; Missing location assignment   ;
; mem_clk            ; Missing location assignment   ;
; mem_we             ; Missing location assignment   ;
; mem_addr[0]        ; Missing location assignment   ;
; mem_addr[1]        ; Missing location assignment   ;
; mem_addr[2]        ; Missing location assignment   ;
; mem_addr[3]        ; Missing location assignment   ;
; mem_addr[4]        ; Missing location assignment   ;
; mem_addr[5]        ; Missing location assignment   ;
; mem_addr[6]        ; Missing location assignment   ;
; mem_addr[7]        ; Missing location assignment   ;
; mem_addr[8]        ; Missing location assignment   ;
; mem_addr[9]        ; Missing location assignment   ;
; mem_addr[10]       ; Missing location assignment   ;
; mem_addr[11]       ; Missing location assignment   ;
; mem_addr[12]       ; Missing location assignment   ;
; mem_addr[13]       ; Missing location assignment   ;
; mem_addr[14]       ; Missing location assignment   ;
; mem_addr[15]       ; Missing location assignment   ;
; mem_write_data[0]  ; Missing location assignment   ;
; mem_write_data[1]  ; Missing location assignment   ;
; mem_write_data[2]  ; Missing location assignment   ;
; mem_write_data[3]  ; Missing location assignment   ;
; mem_write_data[4]  ; Missing location assignment   ;
; mem_write_data[5]  ; Missing location assignment   ;
; mem_write_data[6]  ; Missing location assignment   ;
; mem_write_data[7]  ; Missing location assignment   ;
; mem_write_data[8]  ; Missing location assignment   ;
; mem_write_data[9]  ; Missing location assignment   ;
; mem_write_data[10] ; Missing location assignment   ;
; mem_write_data[11] ; Missing location assignment   ;
; mem_write_data[12] ; Missing location assignment   ;
; mem_write_data[13] ; Missing location assignment   ;
; mem_write_data[14] ; Missing location assignment   ;
; mem_write_data[15] ; Missing location assignment   ;
; mem_write_data[16] ; Missing location assignment   ;
; mem_write_data[17] ; Missing location assignment   ;
; mem_write_data[18] ; Missing location assignment   ;
; mem_write_data[19] ; Missing location assignment   ;
; mem_write_data[20] ; Missing location assignment   ;
; mem_write_data[21] ; Missing location assignment   ;
; mem_write_data[22] ; Missing location assignment   ;
; mem_write_data[23] ; Missing location assignment   ;
; mem_write_data[24] ; Missing location assignment   ;
; mem_write_data[25] ; Missing location assignment   ;
; mem_write_data[26] ; Missing location assignment   ;
; mem_write_data[27] ; Missing location assignment   ;
; mem_write_data[28] ; Missing location assignment   ;
; mem_write_data[29] ; Missing location assignment   ;
; mem_write_data[30] ; Missing location assignment   ;
; mem_write_data[31] ; Missing location assignment   ;
; clk                ; Missing location assignment   ;
; reset_n            ; Missing location assignment   ;
; start              ; Missing location assignment   ;
; message_addr[0]    ; Missing location assignment   ;
; output_addr[0]     ; Missing location assignment   ;
; message_addr[1]    ; Missing location assignment   ;
; output_addr[1]     ; Missing location assignment   ;
; message_addr[2]    ; Missing location assignment   ;
; output_addr[2]     ; Missing location assignment   ;
; message_addr[3]    ; Missing location assignment   ;
; output_addr[3]     ; Missing location assignment   ;
; message_addr[4]    ; Missing location assignment   ;
; output_addr[4]     ; Missing location assignment   ;
; message_addr[5]    ; Missing location assignment   ;
; output_addr[5]     ; Missing location assignment   ;
; message_addr[6]    ; Missing location assignment   ;
; output_addr[6]     ; Missing location assignment   ;
; message_addr[7]    ; Missing location assignment   ;
; output_addr[7]     ; Missing location assignment   ;
; message_addr[8]    ; Missing location assignment   ;
; output_addr[8]     ; Missing location assignment   ;
; message_addr[9]    ; Missing location assignment   ;
; output_addr[9]     ; Missing location assignment   ;
; message_addr[10]   ; Missing location assignment   ;
; output_addr[10]    ; Missing location assignment   ;
; message_addr[11]   ; Missing location assignment   ;
; output_addr[11]    ; Missing location assignment   ;
; message_addr[12]   ; Missing location assignment   ;
; output_addr[12]    ; Missing location assignment   ;
; message_addr[13]   ; Missing location assignment   ;
; output_addr[13]    ; Missing location assignment   ;
; message_addr[14]   ; Missing location assignment   ;
; output_addr[14]    ; Missing location assignment   ;
; message_addr[15]   ; Missing location assignment   ;
; output_addr[15]    ; Missing location assignment   ;
; mem_read_data[0]   ; Missing location assignment   ;
; mem_read_data[1]   ; Missing location assignment   ;
; mem_read_data[2]   ; Missing location assignment   ;
; mem_read_data[3]   ; Missing location assignment   ;
; mem_read_data[4]   ; Missing location assignment   ;
; mem_read_data[5]   ; Missing location assignment   ;
; mem_read_data[6]   ; Missing location assignment   ;
; mem_read_data[7]   ; Missing location assignment   ;
; mem_read_data[8]   ; Missing location assignment   ;
; mem_read_data[9]   ; Missing location assignment   ;
; mem_read_data[10]  ; Missing location assignment   ;
; mem_read_data[11]  ; Missing location assignment   ;
; mem_read_data[12]  ; Missing location assignment   ;
; mem_read_data[13]  ; Missing location assignment   ;
; mem_read_data[14]  ; Missing location assignment   ;
; mem_read_data[15]  ; Missing location assignment   ;
; mem_read_data[16]  ; Missing location assignment   ;
; mem_read_data[17]  ; Missing location assignment   ;
; mem_read_data[18]  ; Missing location assignment   ;
; mem_read_data[19]  ; Missing location assignment   ;
; mem_read_data[20]  ; Missing location assignment   ;
; mem_read_data[21]  ; Missing location assignment   ;
; mem_read_data[22]  ; Missing location assignment   ;
; mem_read_data[23]  ; Missing location assignment   ;
; mem_read_data[24]  ; Missing location assignment   ;
; mem_read_data[25]  ; Missing location assignment   ;
; mem_read_data[26]  ; Missing location assignment   ;
; mem_read_data[27]  ; Missing location assignment   ;
; mem_read_data[28]  ; Missing location assignment   ;
; mem_read_data[29]  ; Missing location assignment   ;
; mem_read_data[30]  ; Missing location assignment   ;
; mem_read_data[31]  ; Missing location assignment   ;
+--------------------+-------------------------------+


+------------------------------------------------------------------------------------------------------------------------------------------------------------------------------------------------------------------------------------------------------------------------------------------------------------------------------------------------------------------------------------------------------------------------------------------------+
; Fitter Resource Utilization by Entity                                                                                                                                                                                                                                                                                                                                                                                                          ;
+---------------------------------------------+---------------------+--------------+----------+-------------+---------------------------+---------------+-------------------+------+--------------+---------+-----------+-----------+-----------+------+--------------+--------------------------------+--------------------+-------------------------------+------------------------------------------------------+--------------+--------------+
; Compilation Hierarchy Node                  ; Combinational ALUTs ; Memory ALUTs ; LUT_REGs ; ALMs        ; Dedicated Logic Registers ; I/O Registers ; Block Memory Bits ; M9Ks ; DSP Elements ; DSP 9x9 ; DSP 12x12 ; DSP 18x18 ; DSP 36x36 ; Pins ; Virtual Pins ; Combinational with no register ; Register-Only      ; Combinational with a register ; Full Hierarchy Name                                  ; Entity Name  ; Library Name ;
;                                             ;                     ;              ;          ;             ;                           ;               ;                   ;      ;              ;         ;           ;           ;           ;      ;              ; ALUT/register pair             ; ALUT/register pair ; ALUT/register pair            ;                                                      ;              ;              ;
+---------------------------------------------+---------------------+--------------+----------+-------------+---------------------------+---------------+-------------------+------+--------------+---------+-----------+-----------+-----------+------+--------------+--------------------------------+--------------------+-------------------------------+------------------------------------------------------+--------------+--------------+
; |bitcoin_hash                               ; 15857 (190)         ; 0 (0)        ; 0 (0)    ; 16662 (379) ; 16364 (691)               ; 0 (0)         ; 0                 ; 0    ; 0            ; 0       ; 0         ; 0         ; 0         ; 118  ; 0            ; 11521 (121)                    ; 12028 (581)        ; 4336 (69)                     ; |bitcoin_hash                                        ; bitcoin_hash ; work         ;
;    |bitcoin_sha:multiple_ph_2[0].inst_ph_2| ; 1087 (1087)         ; 0 (0)        ; 0 (0)    ; 1086 (1086) ; 1043 (1043)               ; 0 (0)         ; 0                 ; 0    ; 0            ; 0       ; 0         ; 0         ; 0         ; 0    ; 0            ; 720 (720)                      ; 676 (676)          ; 367 (367)                     ; |bitcoin_hash|bitcoin_sha:multiple_ph_2[0].inst_ph_2 ; bitcoin_sha  ; work         ;
;    |bitcoin_sha:multiple_ph_2[1].inst_ph_2| ; 1015 (1015)         ; 0 (0)        ; 0 (0)    ; 1035 (1035) ; 1024 (1024)               ; 0 (0)         ; 0                 ; 0    ; 0            ; 0       ; 0         ; 0         ; 0         ; 0    ; 0            ; 662 (662)                      ; 671 (671)          ; 353 (353)                     ; |bitcoin_hash|bitcoin_sha:multiple_ph_2[1].inst_ph_2 ; bitcoin_sha  ; work         ;
;    |bitcoin_sha:multiple_ph_2[2].inst_ph_2| ; 1015 (1015)         ; 0 (0)        ; 0 (0)    ; 1060 (1060) ; 1024 (1024)               ; 0 (0)         ; 0                 ; 0    ; 0            ; 0       ; 0         ; 0         ; 0         ; 0    ; 0            ; 662 (662)                      ; 671 (671)          ; 353 (353)                     ; |bitcoin_hash|bitcoin_sha:multiple_ph_2[2].inst_ph_2 ; bitcoin_sha  ; work         ;
;    |bitcoin_sha:multiple_ph_2[3].inst_ph_2| ; 1015 (1015)         ; 0 (0)        ; 0 (0)    ; 1063 (1063) ; 1024 (1024)               ; 0 (0)         ; 0                 ; 0    ; 0            ; 0       ; 0         ; 0         ; 0         ; 0    ; 0            ; 659 (659)                      ; 671 (671)          ; 356 (356)                     ; |bitcoin_hash|bitcoin_sha:multiple_ph_2[3].inst_ph_2 ; bitcoin_sha  ; work         ;
;    |bitcoin_sha:multiple_ph_2[4].inst_ph_2| ; 1015 (1015)         ; 0 (0)        ; 0 (0)    ; 1051 (1051) ; 1024 (1024)               ; 0 (0)         ; 0                 ; 0    ; 0            ; 0       ; 0         ; 0         ; 0         ; 0    ; 0            ; 662 (662)                      ; 671 (671)          ; 353 (353)                     ; |bitcoin_hash|bitcoin_sha:multiple_ph_2[4].inst_ph_2 ; bitcoin_sha  ; work         ;
;    |bitcoin_sha:multiple_ph_2[5].inst_ph_2| ; 1015 (1015)         ; 0 (0)        ; 0 (0)    ; 1048 (1048) ; 1024 (1024)               ; 0 (0)         ; 0                 ; 0    ; 0            ; 0       ; 0         ; 0         ; 0         ; 0    ; 0            ; 662 (662)                      ; 671 (671)          ; 353 (353)                     ; |bitcoin_hash|bitcoin_sha:multiple_ph_2[5].inst_ph_2 ; bitcoin_sha  ; work         ;
;    |bitcoin_sha:multiple_ph_2[6].inst_ph_2| ; 1015 (1015)         ; 0 (0)        ; 0 (0)    ; 1038 (1038) ; 1024 (1024)               ; 0 (0)         ; 0                 ; 0    ; 0            ; 0       ; 0         ; 0         ; 0         ; 0    ; 0            ; 662 (662)                      ; 671 (671)          ; 353 (353)                     ; |bitcoin_hash|bitcoin_sha:multiple_ph_2[6].inst_ph_2 ; bitcoin_sha  ; work         ;
;    |bitcoin_sha:multiple_ph_2[7].inst_ph_2| ; 1015 (1015)         ; 0 (0)        ; 0 (0)    ; 1048 (1048) ; 1024 (1024)               ; 0 (0)         ; 0                 ; 0    ; 0            ; 0       ; 0         ; 0         ; 0         ; 0    ; 0            ; 662 (662)                      ; 671 (671)          ; 353 (353)                     ; |bitcoin_hash|bitcoin_sha:multiple_ph_2[7].inst_ph_2 ; bitcoin_sha  ; work         ;
;    |bitcoin_sha:multiple_ph_3[0].inst_ph_3| ; 858 (858)           ; 0 (0)        ; 0 (0)    ; 931 (931)   ; 819 (819)                 ; 0 (0)         ; 0                 ; 0    ; 0            ; 0       ; 0         ; 0         ; 0         ; 0    ; 0            ; 713 (713)                      ; 674 (674)          ; 145 (145)                     ; |bitcoin_hash|bitcoin_sha:multiple_ph_3[0].inst_ph_3 ; bitcoin_sha  ; work         ;
;    |bitcoin_sha:multiple_ph_3[1].inst_ph_3| ; 791 (791)           ; 0 (0)        ; 0 (0)    ; 881 (881)   ; 800 (800)                 ; 0 (0)         ; 0                 ; 0    ; 0            ; 0       ; 0         ; 0         ; 0         ; 0    ; 0            ; 663 (663)                      ; 672 (672)          ; 128 (128)                     ; |bitcoin_hash|bitcoin_sha:multiple_ph_3[1].inst_ph_3 ; bitcoin_sha  ; work         ;
;    |bitcoin_sha:multiple_ph_3[2].inst_ph_3| ; 791 (791)           ; 0 (0)        ; 0 (0)    ; 880 (880)   ; 800 (800)                 ; 0 (0)         ; 0                 ; 0    ; 0            ; 0       ; 0         ; 0         ; 0         ; 0    ; 0            ; 663 (663)                      ; 672 (672)          ; 128 (128)                     ; |bitcoin_hash|bitcoin_sha:multiple_ph_3[2].inst_ph_3 ; bitcoin_sha  ; work         ;
;    |bitcoin_sha:multiple_ph_3[3].inst_ph_3| ; 791 (791)           ; 0 (0)        ; 0 (0)    ; 909 (909)   ; 800 (800)                 ; 0 (0)         ; 0                 ; 0    ; 0            ; 0       ; 0         ; 0         ; 0         ; 0    ; 0            ; 663 (663)                      ; 672 (672)          ; 128 (128)                     ; |bitcoin_hash|bitcoin_sha:multiple_ph_3[3].inst_ph_3 ; bitcoin_sha  ; work         ;
;    |bitcoin_sha:multiple_ph_3[4].inst_ph_3| ; 791 (791)           ; 0 (0)        ; 0 (0)    ; 876 (876)   ; 800 (800)                 ; 0 (0)         ; 0                 ; 0    ; 0            ; 0       ; 0         ; 0         ; 0         ; 0    ; 0            ; 663 (663)                      ; 672 (672)          ; 128 (128)                     ; |bitcoin_hash|bitcoin_sha:multiple_ph_3[4].inst_ph_3 ; bitcoin_sha  ; work         ;
;    |bitcoin_sha:multiple_ph_3[5].inst_ph_3| ; 791 (791)           ; 0 (0)        ; 0 (0)    ; 885 (885)   ; 800 (800)                 ; 0 (0)         ; 0                 ; 0    ; 0            ; 0       ; 0         ; 0         ; 0         ; 0    ; 0            ; 663 (663)                      ; 672 (672)          ; 128 (128)                     ; |bitcoin_hash|bitcoin_sha:multiple_ph_3[5].inst_ph_3 ; bitcoin_sha  ; work         ;
;    |bitcoin_sha:multiple_ph_3[6].inst_ph_3| ; 791 (791)           ; 0 (0)        ; 0 (0)    ; 866 (866)   ; 800 (800)                 ; 0 (0)         ; 0                 ; 0    ; 0            ; 0       ; 0         ; 0         ; 0         ; 0    ; 0            ; 663 (663)                      ; 672 (672)          ; 128 (128)                     ; |bitcoin_hash|bitcoin_sha:multiple_ph_3[6].inst_ph_3 ; bitcoin_sha  ; work         ;
;    |bitcoin_sha:multiple_ph_3[7].inst_ph_3| ; 791 (791)           ; 0 (0)        ; 0 (0)    ; 889 (889)   ; 800 (800)                 ; 0 (0)         ; 0                 ; 0    ; 0            ; 0       ; 0         ; 0         ; 0         ; 0    ; 0            ; 663 (663)                      ; 672 (672)          ; 128 (128)                     ; |bitcoin_hash|bitcoin_sha:multiple_ph_3[7].inst_ph_3 ; bitcoin_sha  ; work         ;
;    |bitcoin_sha:phase_1|                    ; 1080 (1080)         ; 0 (0)        ; 0 (0)    ; 1089 (1089) ; 1043 (1043)               ; 0 (0)         ; 0                 ; 0    ; 0            ; 0       ; 0         ; 0         ; 0         ; 0    ; 0            ; 695 (695)                      ; 696 (696)          ; 386 (386)                     ; |bitcoin_hash|bitcoin_sha:phase_1                    ; bitcoin_sha  ; work         ;
+---------------------------------------------+---------------------+--------------+----------+-------------+---------------------------+---------------+-------------------+------+--------------+---------+-----------+-----------+-----------+------+--------------+--------------------------------+--------------------+-------------------------------+------------------------------------------------------+--------------+--------------+
Note: For table entries with two numbers listed, the numbers in parentheses indicate the number of resources of the given type used by the specific entity alone. The numbers listed outside of parentheses indicate the total resources of the given type used by the specific entity and all of its sub-entities in the hierarchy.


+--------------------------------------------------------------------------------------------------------------------------------------------------------------------------------------------------------------------------------+
; Delay Chain Summary                                                                                                                                                                                                            ;
+--------------------+----------+---------------+---------------+------------------------------------------------------------------+----------------------------------------------+-----+------+---------+----------+------------+
; Name               ; Pin Type ; Pad to Core 0 ; Pad to Core 1 ; Input Pin to Input Register(or DDIO High Capture Register) Delay ; Input Pin to DDIO Low Capture Register Delay ; TCO ; TCOE ; DQS bus ; NDQS bus ; DQS output ;
+--------------------+----------+---------------+---------------+------------------------------------------------------------------+----------------------------------------------+-----+------+---------+----------+------------+
; done               ; Output   ; --            ; --            ; --                                                               ; --                                           ; --  ; --   ; --      ; --       ; --         ;
; mem_clk            ; Output   ; --            ; --            ; --                                                               ; --                                           ; --  ; --   ; --      ; --       ; --         ;
; mem_we             ; Output   ; --            ; --            ; --                                                               ; --                                           ; --  ; --   ; --      ; --       ; --         ;
; mem_addr[0]        ; Output   ; --            ; --            ; --                                                               ; --                                           ; --  ; --   ; --      ; --       ; --         ;
; mem_addr[1]        ; Output   ; --            ; --            ; --                                                               ; --                                           ; --  ; --   ; --      ; --       ; --         ;
; mem_addr[2]        ; Output   ; --            ; --            ; --                                                               ; --                                           ; --  ; --   ; --      ; --       ; --         ;
; mem_addr[3]        ; Output   ; --            ; --            ; --                                                               ; --                                           ; --  ; --   ; --      ; --       ; --         ;
; mem_addr[4]        ; Output   ; --            ; --            ; --                                                               ; --                                           ; --  ; --   ; --      ; --       ; --         ;
; mem_addr[5]        ; Output   ; --            ; --            ; --                                                               ; --                                           ; --  ; --   ; --      ; --       ; --         ;
; mem_addr[6]        ; Output   ; --            ; --            ; --                                                               ; --                                           ; --  ; --   ; --      ; --       ; --         ;
; mem_addr[7]        ; Output   ; --            ; --            ; --                                                               ; --                                           ; --  ; --   ; --      ; --       ; --         ;
; mem_addr[8]        ; Output   ; --            ; --            ; --                                                               ; --                                           ; --  ; --   ; --      ; --       ; --         ;
; mem_addr[9]        ; Output   ; --            ; --            ; --                                                               ; --                                           ; --  ; --   ; --      ; --       ; --         ;
; mem_addr[10]       ; Output   ; --            ; --            ; --                                                               ; --                                           ; --  ; --   ; --      ; --       ; --         ;
; mem_addr[11]       ; Output   ; --            ; --            ; --                                                               ; --                                           ; --  ; --   ; --      ; --       ; --         ;
; mem_addr[12]       ; Output   ; --            ; --            ; --                                                               ; --                                           ; --  ; --   ; --      ; --       ; --         ;
; mem_addr[13]       ; Output   ; --            ; --            ; --                                                               ; --                                           ; --  ; --   ; --      ; --       ; --         ;
; mem_addr[14]       ; Output   ; --            ; --            ; --                                                               ; --                                           ; --  ; --   ; --      ; --       ; --         ;
; mem_addr[15]       ; Output   ; --            ; --            ; --                                                               ; --                                           ; --  ; --   ; --      ; --       ; --         ;
; mem_write_data[0]  ; Output   ; --            ; --            ; --                                                               ; --                                           ; --  ; --   ; --      ; --       ; --         ;
; mem_write_data[1]  ; Output   ; --            ; --            ; --                                                               ; --                                           ; --  ; --   ; --      ; --       ; --         ;
; mem_write_data[2]  ; Output   ; --            ; --            ; --                                                               ; --                                           ; --  ; --   ; --      ; --       ; --         ;
; mem_write_data[3]  ; Output   ; --            ; --            ; --                                                               ; --                                           ; --  ; --   ; --      ; --       ; --         ;
; mem_write_data[4]  ; Output   ; --            ; --            ; --                                                               ; --                                           ; --  ; --   ; --      ; --       ; --         ;
; mem_write_data[5]  ; Output   ; --            ; --            ; --                                                               ; --                                           ; --  ; --   ; --      ; --       ; --         ;
; mem_write_data[6]  ; Output   ; --            ; --            ; --                                                               ; --                                           ; --  ; --   ; --      ; --       ; --         ;
; mem_write_data[7]  ; Output   ; --            ; --            ; --                                                               ; --                                           ; --  ; --   ; --      ; --       ; --         ;
; mem_write_data[8]  ; Output   ; --            ; --            ; --                                                               ; --                                           ; --  ; --   ; --      ; --       ; --         ;
; mem_write_data[9]  ; Output   ; --            ; --            ; --                                                               ; --                                           ; --  ; --   ; --      ; --       ; --         ;
; mem_write_data[10] ; Output   ; --            ; --            ; --                                                               ; --                                           ; --  ; --   ; --      ; --       ; --         ;
; mem_write_data[11] ; Output   ; --            ; --            ; --                                                               ; --                                           ; --  ; --   ; --      ; --       ; --         ;
; mem_write_data[12] ; Output   ; --            ; --            ; --                                                               ; --                                           ; --  ; --   ; --      ; --       ; --         ;
; mem_write_data[13] ; Output   ; --            ; --            ; --                                                               ; --                                           ; --  ; --   ; --      ; --       ; --         ;
; mem_write_data[14] ; Output   ; --            ; --            ; --                                                               ; --                                           ; --  ; --   ; --      ; --       ; --         ;
; mem_write_data[15] ; Output   ; --            ; --            ; --                                                               ; --                                           ; --  ; --   ; --      ; --       ; --         ;
; mem_write_data[16] ; Output   ; --            ; --            ; --                                                               ; --                                           ; --  ; --   ; --      ; --       ; --         ;
; mem_write_data[17] ; Output   ; --            ; --            ; --                                                               ; --                                           ; --  ; --   ; --      ; --       ; --         ;
; mem_write_data[18] ; Output   ; --            ; --            ; --                                                               ; --                                           ; --  ; --   ; --      ; --       ; --         ;
; mem_write_data[19] ; Output   ; --            ; --            ; --                                                               ; --                                           ; --  ; --   ; --      ; --       ; --         ;
; mem_write_data[20] ; Output   ; --            ; --            ; --                                                               ; --                                           ; --  ; --   ; --      ; --       ; --         ;
; mem_write_data[21] ; Output   ; --            ; --            ; --                                                               ; --                                           ; --  ; --   ; --      ; --       ; --         ;
; mem_write_data[22] ; Output   ; --            ; --            ; --                                                               ; --                                           ; --  ; --   ; --      ; --       ; --         ;
; mem_write_data[23] ; Output   ; --            ; --            ; --                                                               ; --                                           ; --  ; --   ; --      ; --       ; --         ;
; mem_write_data[24] ; Output   ; --            ; --            ; --                                                               ; --                                           ; --  ; --   ; --      ; --       ; --         ;
; mem_write_data[25] ; Output   ; --            ; --            ; --                                                               ; --                                           ; --  ; --   ; --      ; --       ; --         ;
; mem_write_data[26] ; Output   ; --            ; --            ; --                                                               ; --                                           ; --  ; --   ; --      ; --       ; --         ;
; mem_write_data[27] ; Output   ; --            ; --            ; --                                                               ; --                                           ; --  ; --   ; --      ; --       ; --         ;
; mem_write_data[28] ; Output   ; --            ; --            ; --                                                               ; --                                           ; --  ; --   ; --      ; --       ; --         ;
; mem_write_data[29] ; Output   ; --            ; --            ; --                                                               ; --                                           ; --  ; --   ; --      ; --       ; --         ;
; mem_write_data[30] ; Output   ; --            ; --            ; --                                                               ; --                                           ; --  ; --   ; --      ; --       ; --         ;
; mem_write_data[31] ; Output   ; --            ; --            ; --                                                               ; --                                           ; --  ; --   ; --      ; --       ; --         ;
; clk                ; Input    ; (0) 413 ps    ; --            ; --                                                               ; --                                           ; --  ; --   ; --      ; --       ; --         ;
; reset_n            ; Input    ; (0) 413 ps    ; --            ; --                                                               ; --                                           ; --  ; --   ; --      ; --       ; --         ;
; start              ; Input    ; (51) 1977 ps  ; --            ; --                                                               ; --                                           ; --  ; --   ; --      ; --       ; --         ;
; message_addr[0]    ; Input    ; (51) 1977 ps  ; --            ; --                                                               ; --                                           ; --  ; --   ; --      ; --       ; --         ;
; output_addr[0]     ; Input    ; (51) 1977 ps  ; --            ; --                                                               ; --                                           ; --  ; --   ; --      ; --       ; --         ;
; message_addr[1]    ; Input    ; --            ; (51) 1977 ps  ; --                                                               ; --                                           ; --  ; --   ; --      ; --       ; --         ;
; output_addr[1]     ; Input    ; (51) 1977 ps  ; --            ; --                                                               ; --                                           ; --  ; --   ; --      ; --       ; --         ;
; message_addr[2]    ; Input    ; --            ; (51) 1977 ps  ; --                                                               ; --                                           ; --  ; --   ; --      ; --       ; --         ;
; output_addr[2]     ; Input    ; --            ; (51) 1977 ps  ; --                                                               ; --                                           ; --  ; --   ; --      ; --       ; --         ;
; message_addr[3]    ; Input    ; --            ; (51) 1977 ps  ; --                                                               ; --                                           ; --  ; --   ; --      ; --       ; --         ;
; output_addr[3]     ; Input    ; (51) 1977 ps  ; --            ; --                                                               ; --                                           ; --  ; --   ; --      ; --       ; --         ;
; message_addr[4]    ; Input    ; (51) 1977 ps  ; --            ; --                                                               ; --                                           ; --  ; --   ; --      ; --       ; --         ;
; output_addr[4]     ; Input    ; --            ; (51) 1977 ps  ; --                                                               ; --                                           ; --  ; --   ; --      ; --       ; --         ;
; message_addr[5]    ; Input    ; --            ; (51) 1977 ps  ; --                                                               ; --                                           ; --  ; --   ; --      ; --       ; --         ;
; output_addr[5]     ; Input    ; --            ; (51) 1977 ps  ; --                                                               ; --                                           ; --  ; --   ; --      ; --       ; --         ;
; message_addr[6]    ; Input    ; --            ; (51) 1977 ps  ; --                                                               ; --                                           ; --  ; --   ; --      ; --       ; --         ;
; output_addr[6]     ; Input    ; (51) 1977 ps  ; --            ; --                                                               ; --                                           ; --  ; --   ; --      ; --       ; --         ;
; message_addr[7]    ; Input    ; --            ; (51) 1977 ps  ; --                                                               ; --                                           ; --  ; --   ; --      ; --       ; --         ;
; output_addr[7]     ; Input    ; --            ; (51) 1977 ps  ; --                                                               ; --                                           ; --  ; --   ; --      ; --       ; --         ;
; message_addr[8]    ; Input    ; --            ; (51) 1977 ps  ; --                                                               ; --                                           ; --  ; --   ; --      ; --       ; --         ;
; output_addr[8]     ; Input    ; --            ; (51) 1977 ps  ; --                                                               ; --                                           ; --  ; --   ; --      ; --       ; --         ;
; message_addr[9]    ; Input    ; (51) 1977 ps  ; (51) 1977 ps  ; --                                                               ; --                                           ; --  ; --   ; --      ; --       ; --         ;
; output_addr[9]     ; Input    ; --            ; (51) 1977 ps  ; --                                                               ; --                                           ; --  ; --   ; --      ; --       ; --         ;
; message_addr[10]   ; Input    ; --            ; (51) 1977 ps  ; --                                                               ; --                                           ; --  ; --   ; --      ; --       ; --         ;
; output_addr[10]    ; Input    ; (51) 1977 ps  ; --            ; --                                                               ; --                                           ; --  ; --   ; --      ; --       ; --         ;
; message_addr[11]   ; Input    ; (51) 1977 ps  ; --            ; --                                                               ; --                                           ; --  ; --   ; --      ; --       ; --         ;
; output_addr[11]    ; Input    ; (51) 1977 ps  ; --            ; --                                                               ; --                                           ; --  ; --   ; --      ; --       ; --         ;
; message_addr[12]   ; Input    ; --            ; (51) 1977 ps  ; --                                                               ; --                                           ; --  ; --   ; --      ; --       ; --         ;
; output_addr[12]    ; Input    ; (51) 1977 ps  ; --            ; --                                                               ; --                                           ; --  ; --   ; --      ; --       ; --         ;
; message_addr[13]   ; Input    ; --            ; (51) 1977 ps  ; --                                                               ; --                                           ; --  ; --   ; --      ; --       ; --         ;
; output_addr[13]    ; Input    ; (51) 1977 ps  ; --            ; --                                                               ; --                                           ; --  ; --   ; --      ; --       ; --         ;
; message_addr[14]   ; Input    ; --            ; (51) 1977 ps  ; --                                                               ; --                                           ; --  ; --   ; --      ; --       ; --         ;
; output_addr[14]    ; Input    ; --            ; (51) 1977 ps  ; --                                                               ; --                                           ; --  ; --   ; --      ; --       ; --         ;
; message_addr[15]   ; Input    ; (51) 1977 ps  ; --            ; --                                                               ; --                                           ; --  ; --   ; --      ; --       ; --         ;
; output_addr[15]    ; Input    ; --            ; (51) 1977 ps  ; --                                                               ; --                                           ; --  ; --   ; --      ; --       ; --         ;
; mem_read_data[0]   ; Input    ; --            ; (51) 1906 ps  ; --                                                               ; --                                           ; --  ; --   ; --      ; --       ; --         ;
; mem_read_data[1]   ; Input    ; (51) 1977 ps  ; --            ; --                                                               ; --                                           ; --  ; --   ; --      ; --       ; --         ;
; mem_read_data[2]   ; Input    ; --            ; (51) 1977 ps  ; --                                                               ; --                                           ; --  ; --   ; --      ; --       ; --         ;
; mem_read_data[3]   ; Input    ; --            ; (51) 1906 ps  ; --                                                               ; --                                           ; --  ; --   ; --      ; --       ; --         ;
; mem_read_data[4]   ; Input    ; --            ; (51) 1977 ps  ; --                                                               ; --                                           ; --  ; --   ; --      ; --       ; --         ;
; mem_read_data[5]   ; Input    ; (51) 1906 ps  ; --            ; --                                                               ; --                                           ; --  ; --   ; --      ; --       ; --         ;
; mem_read_data[6]   ; Input    ; (51) 1977 ps  ; --            ; --                                                               ; --                                           ; --  ; --   ; --      ; --       ; --         ;
; mem_read_data[7]   ; Input    ; (51) 1977 ps  ; --            ; --                                                               ; --                                           ; --  ; --   ; --      ; --       ; --         ;
; mem_read_data[8]   ; Input    ; --            ; (51) 1977 ps  ; --                                                               ; --                                           ; --  ; --   ; --      ; --       ; --         ;
; mem_read_data[9]   ; Input    ; --            ; (51) 1977 ps  ; --                                                               ; --                                           ; --  ; --   ; --      ; --       ; --         ;
; mem_read_data[10]  ; Input    ; (51) 1977 ps  ; --            ; --                                                               ; --                                           ; --  ; --   ; --      ; --       ; --         ;
; mem_read_data[11]  ; Input    ; --            ; (51) 1977 ps  ; --                                                               ; --                                           ; --  ; --   ; --      ; --       ; --         ;
; mem_read_data[12]  ; Input    ; --            ; (51) 1977 ps  ; --                                                               ; --                                           ; --  ; --   ; --      ; --       ; --         ;
; mem_read_data[13]  ; Input    ; (51) 1977 ps  ; --            ; --                                                               ; --                                           ; --  ; --   ; --      ; --       ; --         ;
; mem_read_data[14]  ; Input    ; --            ; (51) 1906 ps  ; --                                                               ; --                                           ; --  ; --   ; --      ; --       ; --         ;
; mem_read_data[15]  ; Input    ; --            ; (51) 1977 ps  ; --                                                               ; --                                           ; --  ; --   ; --      ; --       ; --         ;
; mem_read_data[16]  ; Input    ; --            ; (51) 1977 ps  ; --                                                               ; --                                           ; --  ; --   ; --      ; --       ; --         ;
; mem_read_data[17]  ; Input    ; --            ; (51) 1977 ps  ; --                                                               ; --                                           ; --  ; --   ; --      ; --       ; --         ;
; mem_read_data[18]  ; Input    ; (51) 1977 ps  ; --            ; --                                                               ; --                                           ; --  ; --   ; --      ; --       ; --         ;
; mem_read_data[19]  ; Input    ; --            ; (51) 1977 ps  ; --                                                               ; --                                           ; --  ; --   ; --      ; --       ; --         ;
; mem_read_data[20]  ; Input    ; (51) 1977 ps  ; --            ; --                                                               ; --                                           ; --  ; --   ; --      ; --       ; --         ;
; mem_read_data[21]  ; Input    ; (51) 1977 ps  ; --            ; --                                                               ; --                                           ; --  ; --   ; --      ; --       ; --         ;
; mem_read_data[22]  ; Input    ; --            ; (51) 1977 ps  ; --                                                               ; --                                           ; --  ; --   ; --      ; --       ; --         ;
; mem_read_data[23]  ; Input    ; --            ; (51) 1977 ps  ; --                                                               ; --                                           ; --  ; --   ; --      ; --       ; --         ;
; mem_read_data[24]  ; Input    ; --            ; (51) 1977 ps  ; --                                                               ; --                                           ; --  ; --   ; --      ; --       ; --         ;
; mem_read_data[25]  ; Input    ; --            ; (51) 1977 ps  ; --                                                               ; --                                           ; --  ; --   ; --      ; --       ; --         ;
; mem_read_data[26]  ; Input    ; (51) 1977 ps  ; --            ; --                                                               ; --                                           ; --  ; --   ; --      ; --       ; --         ;
; mem_read_data[27]  ; Input    ; (51) 1977 ps  ; --            ; --                                                               ; --                                           ; --  ; --   ; --      ; --       ; --         ;
; mem_read_data[28]  ; Input    ; (51) 1906 ps  ; (51) 1906 ps  ; --                                                               ; --                                           ; --  ; --   ; --      ; --       ; --         ;
; mem_read_data[29]  ; Input    ; --            ; (51) 1906 ps  ; --                                                               ; --                                           ; --  ; --   ; --      ; --       ; --         ;
; mem_read_data[30]  ; Input    ; (51) 1906 ps  ; --            ; --                                                               ; --                                           ; --  ; --   ; --      ; --       ; --         ;
; mem_read_data[31]  ; Input    ; --            ; (51) 1977 ps  ; --                                                               ; --                                           ; --  ; --   ; --      ; --       ; --         ;
+--------------------+----------+---------------+---------------+------------------------------------------------------------------+----------------------------------------------+-----+------+---------+----------+------------+


+-------------------------------------------------------------------+
; Pad To Core Delay Chain Fanout                                    ;
+-------------------------------------+-------------------+---------+
; Source Pin / Fanout                 ; Pad To Core Index ; Setting ;
+-------------------------------------+-------------------+---------+
; clk                                 ;                   ;         ;
; reset_n                             ;                   ;         ;
; start                               ;                   ;         ;
;      - mem_we~0                     ; 0                 ; 51      ;
;      - mem_addr[0]~1                ; 0                 ; 51      ;
;      - Selector1~0                  ; 0                 ; 51      ;
;      - block_read_counter[4]~0      ; 0                 ; 51      ;
;      - Selector2~0                  ; 0                 ; 51      ;
; message_addr[0]                     ;                   ;         ;
;      - mem_addr[0]~reg0             ; 0                 ; 51      ;
;      - Add1~0                       ; 0                 ; 51      ;
; output_addr[0]                      ;                   ;         ;
;      - Add1~0                       ; 0                 ; 51      ;
; message_addr[1]                     ;                   ;         ;
;      - mem_addr[1]~reg0             ; 1                 ; 51      ;
;      - Add1~6                       ; 1                 ; 51      ;
; output_addr[1]                      ;                   ;         ;
;      - Add1~6                       ; 0                 ; 51      ;
; message_addr[2]                     ;                   ;         ;
;      - mem_addr[2]~reg0             ; 1                 ; 51      ;
;      - Add1~9                       ; 1                 ; 51      ;
; output_addr[2]                      ;                   ;         ;
;      - Add1~9                       ; 1                 ; 51      ;
; message_addr[3]                     ;                   ;         ;
;      - mem_addr[3]~reg0             ; 1                 ; 51      ;
;      - Add1~15                      ; 1                 ; 51      ;
; output_addr[3]                      ;                   ;         ;
;      - Add1~15                      ; 0                 ; 51      ;
; message_addr[4]                     ;                   ;         ;
;      - mem_addr[4]~reg0             ; 0                 ; 51      ;
;      - Add1~19                      ; 0                 ; 51      ;
; output_addr[4]                      ;                   ;         ;
;      - Add1~19                      ; 1                 ; 51      ;
; message_addr[5]                     ;                   ;         ;
;      - mem_addr[5]~reg0             ; 1                 ; 51      ;
;      - Add1~23                      ; 1                 ; 51      ;
; output_addr[5]                      ;                   ;         ;
;      - Add1~23                      ; 1                 ; 51      ;
; message_addr[6]                     ;                   ;         ;
;      - mem_addr[6]~reg0             ; 1                 ; 51      ;
;      - Add1~27                      ; 1                 ; 51      ;
; output_addr[6]                      ;                   ;         ;
;      - Add1~27                      ; 0                 ; 51      ;
; message_addr[7]                     ;                   ;         ;
;      - mem_addr[7]~reg0             ; 1                 ; 51      ;
;      - Add1~31                      ; 1                 ; 51      ;
; output_addr[7]                      ;                   ;         ;
;      - Add1~31                      ; 1                 ; 51      ;
; message_addr[8]                     ;                   ;         ;
;      - mem_addr[8]~reg0             ; 1                 ; 51      ;
;      - Add1~35                      ; 1                 ; 51      ;
; output_addr[8]                      ;                   ;         ;
;      - Add1~35                      ; 1                 ; 51      ;
; message_addr[9]                     ;                   ;         ;
;      - mem_addr[9]~reg0             ; 1                 ; 51      ;
;      - Add1~39                      ; 0                 ; 51      ;
; output_addr[9]                      ;                   ;         ;
;      - Add1~39                      ; 1                 ; 51      ;
; message_addr[10]                    ;                   ;         ;
;      - mem_addr[10]~reg0            ; 1                 ; 51      ;
;      - Add1~43                      ; 1                 ; 51      ;
; output_addr[10]                     ;                   ;         ;
;      - Add1~43                      ; 0                 ; 51      ;
; message_addr[11]                    ;                   ;         ;
;      - mem_addr[11]~reg0            ; 0                 ; 51      ;
;      - Add1~47                      ; 0                 ; 51      ;
; output_addr[11]                     ;                   ;         ;
;      - Add1~47                      ; 0                 ; 51      ;
; message_addr[12]                    ;                   ;         ;
;      - mem_addr[12]~reg0            ; 1                 ; 51      ;
;      - Add1~51                      ; 1                 ; 51      ;
; output_addr[12]                     ;                   ;         ;
;      - Add1~51                      ; 0                 ; 51      ;
; message_addr[13]                    ;                   ;         ;
;      - mem_addr[13]~reg0            ; 1                 ; 51      ;
;      - Add1~55                      ; 1                 ; 51      ;
; output_addr[13]                     ;                   ;         ;
;      - Add1~55                      ; 0                 ; 51      ;
; message_addr[14]                    ;                   ;         ;
;      - mem_addr[14]~reg0            ; 1                 ; 51      ;
;      - Add1~59                      ; 1                 ; 51      ;
; output_addr[14]                     ;                   ;         ;
;      - Add1~59                      ; 1                 ; 51      ;
; message_addr[15]                    ;                   ;         ;
;      - mem_addr[15]~reg0            ; 0                 ; 51      ;
;      - Add1~63                      ; 0                 ; 51      ;
; output_addr[15]                     ;                   ;         ;
;      - Add1~63                      ; 1                 ; 51      ;
; mem_read_data[0]                    ;                   ;         ;
;      - input_message[17][0]         ; 1                 ; 51      ;
;      - input_message[0][0]          ; 1                 ; 51      ;
;      - input_message[1][0]          ; 1                 ; 51      ;
;      - input_message[8][0]          ; 1                 ; 51      ;
;      - input_message[4][0]          ; 1                 ; 51      ;
;      - input_message[5][0]          ; 1                 ; 51      ;
;      - input_message[12][0]         ; 1                 ; 51      ;
;      - input_message[2][0]          ; 1                 ; 51      ;
;      - input_message[3][0]          ; 1                 ; 51      ;
;      - input_message[11][0]         ; 1                 ; 51      ;
;      - input_message[7][0]          ; 1                 ; 51      ;
;      - input_message[14][0]         ; 1                 ; 51      ;
;      - input_message[15][0]         ; 1                 ; 51      ;
;      - input_message[18][0]~feeder  ; 1                 ; 51      ;
;      - input_message[16][0]~feeder  ; 1                 ; 51      ;
;      - input_message[13][0]~feeder  ; 1                 ; 51      ;
;      - input_message[9][0]~feeder   ; 1                 ; 51      ;
;      - input_message[10][0]~feeder  ; 1                 ; 51      ;
;      - input_message[6][0]~feeder   ; 1                 ; 51      ;
; mem_read_data[1]                    ;                   ;         ;
;      - input_message[16][1]         ; 0                 ; 51      ;
;      - input_message[2][1]          ; 0                 ; 51      ;
;      - input_message[4][1]          ; 0                 ; 51      ;
;      - input_message[6][1]          ; 0                 ; 51      ;
;      - input_message[1][1]          ; 0                 ; 51      ;
;      - input_message[3][1]          ; 0                 ; 51      ;
;      - input_message[5][1]          ; 0                 ; 51      ;
;      - input_message[7][1]          ; 0                 ; 51      ;
;      - input_message[8][1]          ; 0                 ; 51      ;
;      - input_message[10][1]         ; 0                 ; 51      ;
;      - input_message[12][1]         ; 0                 ; 51      ;
;      - input_message[14][1]         ; 0                 ; 51      ;
;      - input_message[9][1]          ; 0                 ; 51      ;
;      - input_message[11][1]         ; 0                 ; 51      ;
;      - input_message[13][1]         ; 0                 ; 51      ;
;      - input_message[15][1]         ; 0                 ; 51      ;
;      - input_message[0][1]~feeder   ; 0                 ; 51      ;
;      - input_message[17][1]~feeder  ; 0                 ; 51      ;
;      - input_message[18][1]~feeder  ; 0                 ; 51      ;
; mem_read_data[2]                    ;                   ;         ;
;      - input_message[0][2]          ; 1                 ; 51      ;
;      - input_message[1][2]          ; 1                 ; 51      ;
;      - input_message[9][2]          ; 1                 ; 51      ;
;      - input_message[4][2]          ; 1                 ; 51      ;
;      - input_message[5][2]          ; 1                 ; 51      ;
;      - input_message[12][2]         ; 1                 ; 51      ;
;      - input_message[13][2]         ; 1                 ; 51      ;
;      - input_message[2][2]          ; 1                 ; 51      ;
;      - input_message[3][2]          ; 1                 ; 51      ;
;      - input_message[10][2]         ; 1                 ; 51      ;
;      - input_message[11][2]         ; 1                 ; 51      ;
;      - input_message[6][2]          ; 1                 ; 51      ;
;      - input_message[7][2]          ; 1                 ; 51      ;
;      - input_message[14][2]~feeder  ; 1                 ; 51      ;
;      - input_message[15][2]~feeder  ; 1                 ; 51      ;
;      - input_message[8][2]~feeder   ; 1                 ; 51      ;
;      - input_message[18][2]~feeder  ; 1                 ; 51      ;
;      - input_message[16][2]~feeder  ; 1                 ; 51      ;
;      - input_message[17][2]~feeder  ; 1                 ; 51      ;
; mem_read_data[3]                    ;                   ;         ;
;      - input_message[17][3]         ; 1                 ; 51      ;
;      - input_message[18][3]         ; 1                 ; 51      ;
;      - input_message[0][3]          ; 1                 ; 51      ;
;      - input_message[2][3]          ; 1                 ; 51      ;
;      - input_message[4][3]          ; 1                 ; 51      ;
;      - input_message[1][3]          ; 1                 ; 51      ;
;      - input_message[5][3]          ; 1                 ; 51      ;
;      - input_message[7][3]          ; 1                 ; 51      ;
;      - input_message[12][3]         ; 1                 ; 51      ;
;      - input_message[14][3]         ; 1                 ; 51      ;
;      - input_message[9][3]          ; 1                 ; 51      ;
;      - input_message[13][3]         ; 1                 ; 51      ;
;      - input_message[15][3]         ; 1                 ; 51      ;
;      - input_message[16][3]~feeder  ; 1                 ; 51      ;
;      - input_message[10][3]~feeder  ; 1                 ; 51      ;
;      - input_message[11][3]~feeder  ; 1                 ; 51      ;
;      - input_message[6][3]~feeder   ; 1                 ; 51      ;
;      - input_message[8][3]~feeder   ; 1                 ; 51      ;
;      - input_message[3][3]~feeder   ; 1                 ; 51      ;
; mem_read_data[4]                    ;                   ;         ;
;      - input_message[17][4]         ; 1                 ; 51      ;
;      - input_message[18][4]         ; 1                 ; 51      ;
;      - input_message[0][4]          ; 1                 ; 51      ;
;      - input_message[1][4]          ; 1                 ; 51      ;
;      - input_message[9][4]          ; 1                 ; 51      ;
;      - input_message[4][4]          ; 1                 ; 51      ;
;      - input_message[5][4]          ; 1                 ; 51      ;
;      - input_message[12][4]         ; 1                 ; 51      ;
;      - input_message[2][4]          ; 1                 ; 51      ;
;      - input_message[3][4]          ; 1                 ; 51      ;
;      - input_message[10][4]         ; 1                 ; 51      ;
;      - input_message[11][4]         ; 1                 ; 51      ;
;      - input_message[6][4]          ; 1                 ; 51      ;
;      - input_message[7][4]          ; 1                 ; 51      ;
;      - input_message[14][4]         ; 1                 ; 51      ;
;      - input_message[15][4]         ; 1                 ; 51      ;
;      - input_message[13][4]~feeder  ; 1                 ; 51      ;
;      - input_message[16][4]~feeder  ; 1                 ; 51      ;
;      - input_message[8][4]~feeder   ; 1                 ; 51      ;
; mem_read_data[5]                    ;                   ;         ;
;      - input_message[16][5]         ; 0                 ; 51      ;
;      - input_message[17][5]         ; 0                 ; 51      ;
;      - input_message[0][5]          ; 0                 ; 51      ;
;      - input_message[2][5]          ; 0                 ; 51      ;
;      - input_message[1][5]          ; 0                 ; 51      ;
;      - input_message[3][5]          ; 0                 ; 51      ;
;      - input_message[5][5]          ; 0                 ; 51      ;
;      - input_message[8][5]          ; 0                 ; 51      ;
;      - input_message[10][5]         ; 0                 ; 51      ;
;      - input_message[12][5]         ; 0                 ; 51      ;
;      - input_message[14][5]         ; 0                 ; 51      ;
;      - input_message[11][5]         ; 0                 ; 51      ;
;      - input_message[15][5]         ; 0                 ; 51      ;
;      - input_message[13][5]~feeder  ; 0                 ; 51      ;
;      - input_message[7][5]~feeder   ; 0                 ; 51      ;
;      - input_message[4][5]~feeder   ; 0                 ; 51      ;
;      - input_message[9][5]~feeder   ; 0                 ; 51      ;
;      - input_message[6][5]~feeder   ; 0                 ; 51      ;
;      - input_message[18][5]~feeder  ; 0                 ; 51      ;
; mem_read_data[6]                    ;                   ;         ;
;      - input_message[16][6]         ; 0                 ; 51      ;
;      - input_message[17][6]         ; 0                 ; 51      ;
;      - input_message[9][6]          ; 0                 ; 51      ;
;      - input_message[4][6]          ; 0                 ; 51      ;
;      - input_message[5][6]          ; 0                 ; 51      ;
;      - input_message[12][6]         ; 0                 ; 51      ;
;      - input_message[13][6]         ; 0                 ; 51      ;
;      - input_message[3][6]          ; 0                 ; 51      ;
;      - input_message[10][6]         ; 0                 ; 51      ;
;      - input_message[11][6]         ; 0                 ; 51      ;
;      - input_message[6][6]          ; 0                 ; 51      ;
;      - input_message[7][6]          ; 0                 ; 51      ;
;      - input_message[14][6]         ; 0                 ; 51      ;
;      - input_message[15][6]         ; 0                 ; 51      ;
;      - input_message[1][6]~feeder   ; 0                 ; 51      ;
;      - input_message[0][6]~feeder   ; 0                 ; 51      ;
;      - input_message[8][6]~feeder   ; 0                 ; 51      ;
;      - input_message[18][6]~feeder  ; 0                 ; 51      ;
;      - input_message[2][6]~feeder   ; 0                 ; 51      ;
; mem_read_data[7]                    ;                   ;         ;
;      - input_message[16][7]         ; 0                 ; 51      ;
;      - input_message[17][7]         ; 0                 ; 51      ;
;      - input_message[18][7]         ; 0                 ; 51      ;
;      - input_message[0][7]          ; 0                 ; 51      ;
;      - input_message[4][7]          ; 0                 ; 51      ;
;      - input_message[6][7]          ; 0                 ; 51      ;
;      - input_message[5][7]          ; 0                 ; 51      ;
;      - input_message[7][7]          ; 0                 ; 51      ;
;      - input_message[12][7]         ; 0                 ; 51      ;
;      - input_message[14][7]         ; 0                 ; 51      ;
;      - input_message[9][7]          ; 0                 ; 51      ;
;      - input_message[11][7]         ; 0                 ; 51      ;
;      - input_message[2][7]~feeder   ; 0                 ; 51      ;
;      - input_message[10][7]~feeder  ; 0                 ; 51      ;
;      - input_message[15][7]~feeder  ; 0                 ; 51      ;
;      - input_message[13][7]~feeder  ; 0                 ; 51      ;
;      - input_message[1][7]~feeder   ; 0                 ; 51      ;
;      - input_message[8][7]~feeder   ; 0                 ; 51      ;
;      - input_message[3][7]~feeder   ; 0                 ; 51      ;
; mem_read_data[8]                    ;                   ;         ;
;      - input_message[16][8]         ; 1                 ; 51      ;
;      - input_message[17][8]         ; 1                 ; 51      ;
;      - input_message[18][8]         ; 1                 ; 51      ;
;      - input_message[0][8]          ; 1                 ; 51      ;
;      - input_message[1][8]          ; 1                 ; 51      ;
;      - input_message[8][8]          ; 1                 ; 51      ;
;      - input_message[12][8]         ; 1                 ; 51      ;
;      - input_message[2][8]          ; 1                 ; 51      ;
;      - input_message[10][8]         ; 1                 ; 51      ;
;      - input_message[11][8]         ; 1                 ; 51      ;
;      - input_message[6][8]          ; 1                 ; 51      ;
;      - input_message[7][8]          ; 1                 ; 51      ;
;      - input_message[13][8]~feeder  ; 1                 ; 51      ;
;      - input_message[3][8]~feeder   ; 1                 ; 51      ;
;      - input_message[9][8]~feeder   ; 1                 ; 51      ;
;      - input_message[4][8]~feeder   ; 1                 ; 51      ;
;      - input_message[5][8]~feeder   ; 1                 ; 51      ;
;      - input_message[14][8]~feeder  ; 1                 ; 51      ;
;      - input_message[15][8]~feeder  ; 1                 ; 51      ;
; mem_read_data[9]                    ;                   ;         ;
;      - input_message[18][9]         ; 1                 ; 51      ;
;      - input_message[0][9]          ; 1                 ; 51      ;
;      - input_message[4][9]          ; 1                 ; 51      ;
;      - input_message[1][9]          ; 1                 ; 51      ;
;      - input_message[5][9]          ; 1                 ; 51      ;
;      - input_message[7][9]          ; 1                 ; 51      ;
;      - input_message[8][9]          ; 1                 ; 51      ;
;      - input_message[10][9]         ; 1                 ; 51      ;
;      - input_message[12][9]         ; 1                 ; 51      ;
;      - input_message[9][9]          ; 1                 ; 51      ;
;      - input_message[2][9]~feeder   ; 1                 ; 51      ;
;      - input_message[13][9]~feeder  ; 1                 ; 51      ;
;      - input_message[6][9]~feeder   ; 1                 ; 51      ;
;      - input_message[11][9]~feeder  ; 1                 ; 51      ;
;      - input_message[3][9]~feeder   ; 1                 ; 51      ;
;      - input_message[17][9]~feeder  ; 1                 ; 51      ;
;      - input_message[16][9]~feeder  ; 1                 ; 51      ;
;      - input_message[14][9]~feeder  ; 1                 ; 51      ;
;      - input_message[15][9]~feeder  ; 1                 ; 51      ;
; mem_read_data[10]                   ;                   ;         ;
;      - input_message[16][10]        ; 0                 ; 51      ;
;      - input_message[17][10]        ; 0                 ; 51      ;
;      - input_message[18][10]        ; 0                 ; 51      ;
;      - input_message[0][10]         ; 0                 ; 51      ;
;      - input_message[1][10]         ; 0                 ; 51      ;
;      - input_message[8][10]         ; 0                 ; 51      ;
;      - input_message[9][10]         ; 0                 ; 51      ;
;      - input_message[4][10]         ; 0                 ; 51      ;
;      - input_message[12][10]        ; 0                 ; 51      ;
;      - input_message[3][10]         ; 0                 ; 51      ;
;      - input_message[10][10]        ; 0                 ; 51      ;
;      - input_message[2][10]~feeder  ; 0                 ; 51      ;
;      - input_message[13][10]~feeder ; 0                 ; 51      ;
;      - input_message[6][10]~feeder  ; 0                 ; 51      ;
;      - input_message[11][10]~feeder ; 0                 ; 51      ;
;      - input_message[7][10]~feeder  ; 0                 ; 51      ;
;      - input_message[14][10]~feeder ; 0                 ; 51      ;
;      - input_message[15][10]~feeder ; 0                 ; 51      ;
;      - input_message[5][10]~feeder  ; 0                 ; 51      ;
; mem_read_data[11]                   ;                   ;         ;
;      - input_message[16][11]        ; 1                 ; 51      ;
;      - input_message[18][11]        ; 1                 ; 51      ;
;      - input_message[4][11]         ; 1                 ; 51      ;
;      - input_message[6][11]         ; 1                 ; 51      ;
;      - input_message[5][11]         ; 1                 ; 51      ;
;      - input_message[7][11]         ; 1                 ; 51      ;
;      - input_message[12][11]        ; 1                 ; 51      ;
;      - input_message[11][11]        ; 1                 ; 51      ;
;      - input_message[14][11]~feeder ; 1                 ; 51      ;
;      - input_message[15][11]~feeder ; 1                 ; 51      ;
;      - input_message[17][11]~feeder ; 1                 ; 51      ;
;      - input_message[10][11]~feeder ; 1                 ; 51      ;
;      - input_message[9][11]~feeder  ; 1                 ; 51      ;
;      - input_message[2][11]~feeder  ; 1                 ; 51      ;
;      - input_message[3][11]~feeder  ; 1                 ; 51      ;
;      - input_message[13][11]~feeder ; 1                 ; 51      ;
;      - input_message[1][11]~feeder  ; 1                 ; 51      ;
;      - input_message[0][11]~feeder  ; 1                 ; 51      ;
;      - input_message[8][11]~feeder  ; 1                 ; 51      ;
; mem_read_data[12]                   ;                   ;         ;
;      - input_message[16][12]        ; 1                 ; 51      ;
;      - input_message[17][12]        ; 1                 ; 51      ;
;      - input_message[0][12]         ; 1                 ; 51      ;
;      - input_message[1][12]         ; 1                 ; 51      ;
;      - input_message[8][12]         ; 1                 ; 51      ;
;      - input_message[9][12]         ; 1                 ; 51      ;
;      - input_message[4][12]         ; 1                 ; 51      ;
;      - input_message[2][12]         ; 1                 ; 51      ;
;      - input_message[3][12]         ; 1                 ; 51      ;
;      - input_message[6][12]         ; 1                 ; 51      ;
;      - input_message[10][12]~feeder ; 1                 ; 51      ;
;      - input_message[14][12]~feeder ; 1                 ; 51      ;
;      - input_message[15][12]~feeder ; 1                 ; 51      ;
;      - input_message[18][12]~feeder ; 1                 ; 51      ;
;      - input_message[7][12]~feeder  ; 1                 ; 51      ;
;      - input_message[13][12]~feeder ; 1                 ; 51      ;
;      - input_message[12][12]~feeder ; 1                 ; 51      ;
;      - input_message[5][12]~feeder  ; 1                 ; 51      ;
;      - input_message[11][12]~feeder ; 1                 ; 51      ;
; mem_read_data[13]                   ;                   ;         ;
;      - input_message[17][13]        ; 0                 ; 51      ;
;      - input_message[18][13]        ; 0                 ; 51      ;
;      - input_message[0][13]         ; 0                 ; 51      ;
;      - input_message[6][13]         ; 0                 ; 51      ;
;      - input_message[3][13]         ; 0                 ; 51      ;
;      - input_message[5][13]         ; 0                 ; 51      ;
;      - input_message[8][13]         ; 0                 ; 51      ;
;      - input_message[12][13]        ; 0                 ; 51      ;
;      - input_message[14][13]        ; 0                 ; 51      ;
;      - input_message[11][13]        ; 0                 ; 51      ;
;      - input_message[15][13]        ; 0                 ; 51      ;
;      - input_message[16][13]~feeder ; 0                 ; 51      ;
;      - input_message[4][13]~feeder  ; 0                 ; 51      ;
;      - input_message[9][13]~feeder  ; 0                 ; 51      ;
;      - input_message[2][13]~feeder  ; 0                 ; 51      ;
;      - input_message[10][13]~feeder ; 0                 ; 51      ;
;      - input_message[1][13]~feeder  ; 0                 ; 51      ;
;      - input_message[13][13]~feeder ; 0                 ; 51      ;
;      - input_message[7][13]~feeder  ; 0                 ; 51      ;
; mem_read_data[14]                   ;                   ;         ;
;      - input_message[16][14]        ; 1                 ; 51      ;
;      - input_message[18][14]        ; 1                 ; 51      ;
;      - input_message[0][14]         ; 1                 ; 51      ;
;      - input_message[1][14]         ; 1                 ; 51      ;
;      - input_message[8][14]         ; 1                 ; 51      ;
;      - input_message[4][14]         ; 1                 ; 51      ;
;      - input_message[5][14]         ; 1                 ; 51      ;
;      - input_message[12][14]        ; 1                 ; 51      ;
;      - input_message[13][14]        ; 1                 ; 51      ;
;      - input_message[2][14]         ; 1                 ; 51      ;
;      - input_message[3][14]         ; 1                 ; 51      ;
;      - input_message[10][14]        ; 1                 ; 51      ;
;      - input_message[11][14]        ; 1                 ; 51      ;
;      - input_message[6][14]         ; 1                 ; 51      ;
;      - input_message[7][14]         ; 1                 ; 51      ;
;      - input_message[9][14]~feeder  ; 1                 ; 51      ;
;      - input_message[15][14]~feeder ; 1                 ; 51      ;
;      - input_message[14][14]~feeder ; 1                 ; 51      ;
;      - input_message[17][14]~feeder ; 1                 ; 51      ;
; mem_read_data[15]                   ;                   ;         ;
;      - input_message[16][15]        ; 1                 ; 51      ;
;      - input_message[17][15]        ; 1                 ; 51      ;
;      - input_message[18][15]        ; 1                 ; 51      ;
;      - input_message[2][15]         ; 1                 ; 51      ;
;      - input_message[6][15]         ; 1                 ; 51      ;
;      - input_message[5][15]         ; 1                 ; 51      ;
;      - input_message[10][15]        ; 1                 ; 51      ;
;      - input_message[12][15]        ; 1                 ; 51      ;
;      - input_message[9][15]         ; 1                 ; 51      ;
;      - input_message[15][15]~feeder ; 1                 ; 51      ;
;      - input_message[14][15]~feeder ; 1                 ; 51      ;
;      - input_message[0][15]~feeder  ; 1                 ; 51      ;
;      - input_message[1][15]~feeder  ; 1                 ; 51      ;
;      - input_message[4][15]~feeder  ; 1                 ; 51      ;
;      - input_message[11][15]~feeder ; 1                 ; 51      ;
;      - input_message[7][15]~feeder  ; 1                 ; 51      ;
;      - input_message[13][15]~feeder ; 1                 ; 51      ;
;      - input_message[8][15]~feeder  ; 1                 ; 51      ;
;      - input_message[3][15]~feeder  ; 1                 ; 51      ;
; mem_read_data[16]                   ;                   ;         ;
;      - input_message[16][16]        ; 1                 ; 51      ;
;      - input_message[17][16]        ; 1                 ; 51      ;
;      - input_message[18][16]        ; 1                 ; 51      ;
;      - input_message[0][16]         ; 1                 ; 51      ;
;      - input_message[1][16]         ; 1                 ; 51      ;
;      - input_message[8][16]         ; 1                 ; 51      ;
;      - input_message[4][16]         ; 1                 ; 51      ;
;      - input_message[12][16]        ; 1                 ; 51      ;
;      - input_message[13][16]        ; 1                 ; 51      ;
;      - input_message[2][16]         ; 1                 ; 51      ;
;      - input_message[3][16]         ; 1                 ; 51      ;
;      - input_message[6][16]         ; 1                 ; 51      ;
;      - input_message[7][16]         ; 1                 ; 51      ;
;      - input_message[14][16]~feeder ; 1                 ; 51      ;
;      - input_message[15][16]~feeder ; 1                 ; 51      ;
;      - input_message[5][16]~feeder  ; 1                 ; 51      ;
;      - input_message[10][16]~feeder ; 1                 ; 51      ;
;      - input_message[11][16]~feeder ; 1                 ; 51      ;
;      - input_message[9][16]~feeder  ; 1                 ; 51      ;
; mem_read_data[17]                   ;                   ;         ;
;      - input_message[17][17]        ; 1                 ; 51      ;
;      - input_message[18][17]        ; 1                 ; 51      ;
;      - input_message[0][17]         ; 1                 ; 51      ;
;      - input_message[6][17]         ; 1                 ; 51      ;
;      - input_message[1][17]         ; 1                 ; 51      ;
;      - input_message[3][17]         ; 1                 ; 51      ;
;      - input_message[5][17]         ; 1                 ; 51      ;
;      - input_message[7][17]         ; 1                 ; 51      ;
;      - input_message[10][17]        ; 1                 ; 51      ;
;      - input_message[12][17]        ; 1                 ; 51      ;
;      - input_message[9][17]         ; 1                 ; 51      ;
;      - input_message[11][17]        ; 1                 ; 51      ;
;      - input_message[13][17]        ; 1                 ; 51      ;
;      - input_message[2][17]~feeder  ; 1                 ; 51      ;
;      - input_message[14][17]~feeder ; 1                 ; 51      ;
;      - input_message[15][17]~feeder ; 1                 ; 51      ;
;      - input_message[8][17]~feeder  ; 1                 ; 51      ;
;      - input_message[4][17]~feeder  ; 1                 ; 51      ;
;      - input_message[16][17]~feeder ; 1                 ; 51      ;
; mem_read_data[18]                   ;                   ;         ;
;      - input_message[18][18]        ; 0                 ; 51      ;
;      - input_message[0][18]         ; 0                 ; 51      ;
;      - input_message[1][18]         ; 0                 ; 51      ;
;      - input_message[8][18]         ; 0                 ; 51      ;
;      - input_message[9][18]         ; 0                 ; 51      ;
;      - input_message[5][18]         ; 0                 ; 51      ;
;      - input_message[3][18]         ; 0                 ; 51      ;
;      - input_message[6][18]         ; 0                 ; 51      ;
;      - input_message[14][18]        ; 0                 ; 51      ;
;      - input_message[15][18]        ; 0                 ; 51      ;
;      - input_message[16][18]~feeder ; 0                 ; 51      ;
;      - input_message[17][18]~feeder ; 0                 ; 51      ;
;      - input_message[11][18]~feeder ; 0                 ; 51      ;
;      - input_message[12][18]~feeder ; 0                 ; 51      ;
;      - input_message[7][18]~feeder  ; 0                 ; 51      ;
;      - input_message[13][18]~feeder ; 0                 ; 51      ;
;      - input_message[4][18]~feeder  ; 0                 ; 51      ;
;      - input_message[2][18]~feeder  ; 0                 ; 51      ;
;      - input_message[10][18]~feeder ; 0                 ; 51      ;
; mem_read_data[19]                   ;                   ;         ;
;      - input_message[18][19]        ; 1                 ; 51      ;
;      - input_message[0][19]         ; 1                 ; 51      ;
;      - input_message[2][19]         ; 1                 ; 51      ;
;      - input_message[4][19]         ; 1                 ; 51      ;
;      - input_message[6][19]         ; 1                 ; 51      ;
;      - input_message[3][19]         ; 1                 ; 51      ;
;      - input_message[5][19]         ; 1                 ; 51      ;
;      - input_message[7][19]         ; 1                 ; 51      ;
;      - input_message[8][19]         ; 1                 ; 51      ;
;      - input_message[10][19]        ; 1                 ; 51      ;
;      - input_message[12][19]        ; 1                 ; 51      ;
;      - input_message[14][19]        ; 1                 ; 51      ;
;      - input_message[13][19]        ; 1                 ; 51      ;
;      - input_message[15][19]        ; 1                 ; 51      ;
;      - input_message[9][19]~feeder  ; 1                 ; 51      ;
;      - input_message[1][19]~feeder  ; 1                 ; 51      ;
;      - input_message[11][19]~feeder ; 1                 ; 51      ;
;      - input_message[17][19]~feeder ; 1                 ; 51      ;
;      - input_message[16][19]~feeder ; 1                 ; 51      ;
; mem_read_data[20]                   ;                   ;         ;
;      - input_message[16][20]        ; 0                 ; 51      ;
;      - input_message[17][20]        ; 0                 ; 51      ;
;      - input_message[18][20]        ; 0                 ; 51      ;
;      - input_message[8][20]         ; 0                 ; 51      ;
;      - input_message[4][20]         ; 0                 ; 51      ;
;      - input_message[2][20]         ; 0                 ; 51      ;
;      - input_message[0][20]~feeder  ; 0                 ; 51      ;
;      - input_message[3][20]~feeder  ; 0                 ; 51      ;
;      - input_message[1][20]~feeder  ; 0                 ; 51      ;
;      - input_message[13][20]~feeder ; 0                 ; 51      ;
;      - input_message[14][20]~feeder ; 0                 ; 51      ;
;      - input_message[15][20]~feeder ; 0                 ; 51      ;
;      - input_message[7][20]~feeder  ; 0                 ; 51      ;
;      - input_message[10][20]~feeder ; 0                 ; 51      ;
;      - input_message[9][20]~feeder  ; 0                 ; 51      ;
;      - input_message[6][20]~feeder  ; 0                 ; 51      ;
;      - input_message[5][20]~feeder  ; 0                 ; 51      ;
;      - input_message[11][20]~feeder ; 0                 ; 51      ;
;      - input_message[12][20]~feeder ; 0                 ; 51      ;
; mem_read_data[21]                   ;                   ;         ;
;      - input_message[16][21]        ; 0                 ; 51      ;
;      - input_message[17][21]        ; 0                 ; 51      ;
;      - input_message[1][21]         ; 0                 ; 51      ;
;      - input_message[7][21]         ; 0                 ; 51      ;
;      - input_message[10][21]        ; 0                 ; 51      ;
;      - input_message[14][21]        ; 0                 ; 51      ;
;      - input_message[11][21]        ; 0                 ; 51      ;
;      - input_message[15][21]        ; 0                 ; 51      ;
;      - input_message[18][21]~feeder ; 0                 ; 51      ;
;      - input_message[6][21]~feeder  ; 0                 ; 51      ;
;      - input_message[2][21]~feeder  ; 0                 ; 51      ;
;      - input_message[13][21]~feeder ; 0                 ; 51      ;
;      - input_message[4][21]~feeder  ; 0                 ; 51      ;
;      - input_message[3][21]~feeder  ; 0                 ; 51      ;
;      - input_message[8][21]~feeder  ; 0                 ; 51      ;
;      - input_message[9][21]~feeder  ; 0                 ; 51      ;
;      - input_message[0][21]~feeder  ; 0                 ; 51      ;
;      - input_message[12][21]~feeder ; 0                 ; 51      ;
;      - input_message[5][21]~feeder  ; 0                 ; 51      ;
; mem_read_data[22]                   ;                   ;         ;
;      - input_message[0][22]         ; 1                 ; 51      ;
;      - input_message[1][22]         ; 1                 ; 51      ;
;      - input_message[4][22]         ; 1                 ; 51      ;
;      - input_message[12][22]        ; 1                 ; 51      ;
;      - input_message[2][22]         ; 1                 ; 51      ;
;      - input_message[3][22]         ; 1                 ; 51      ;
;      - input_message[11][22]        ; 1                 ; 51      ;
;      - input_message[16][22]~feeder ; 1                 ; 51      ;
;      - input_message[18][22]~feeder ; 1                 ; 51      ;
;      - input_message[17][22]~feeder ; 1                 ; 51      ;
;      - input_message[13][22]~feeder ; 1                 ; 51      ;
;      - input_message[5][22]~feeder  ; 1                 ; 51      ;
;      - input_message[10][22]~feeder ; 1                 ; 51      ;
;      - input_message[6][22]~feeder  ; 1                 ; 51      ;
;      - input_message[7][22]~feeder  ; 1                 ; 51      ;
;      - input_message[9][22]~feeder  ; 1                 ; 51      ;
;      - input_message[8][22]~feeder  ; 1                 ; 51      ;
;      - input_message[15][22]~feeder ; 1                 ; 51      ;
;      - input_message[14][22]~feeder ; 1                 ; 51      ;
; mem_read_data[23]                   ;                   ;         ;
;      - input_message[16][23]        ; 1                 ; 51      ;
;      - input_message[0][23]         ; 1                 ; 51      ;
;      - input_message[2][23]         ; 1                 ; 51      ;
;      - input_message[1][23]         ; 1                 ; 51      ;
;      - input_message[7][23]         ; 1                 ; 51      ;
;      - input_message[10][23]        ; 1                 ; 51      ;
;      - input_message[14][23]        ; 1                 ; 51      ;
;      - input_message[9][23]         ; 1                 ; 51      ;
;      - input_message[4][23]~feeder  ; 1                 ; 51      ;
;      - input_message[3][23]~feeder  ; 1                 ; 51      ;
;      - input_message[8][23]~feeder  ; 1                 ; 51      ;
;      - input_message[11][23]~feeder ; 1                 ; 51      ;
;      - input_message[6][23]~feeder  ; 1                 ; 51      ;
;      - input_message[13][23]~feeder ; 1                 ; 51      ;
;      - input_message[15][23]~feeder ; 1                 ; 51      ;
;      - input_message[12][23]~feeder ; 1                 ; 51      ;
;      - input_message[5][23]~feeder  ; 1                 ; 51      ;
;      - input_message[17][23]~feeder ; 1                 ; 51      ;
;      - input_message[18][23]~feeder ; 1                 ; 51      ;
; mem_read_data[24]                   ;                   ;         ;
;      - input_message[17][24]        ; 1                 ; 51      ;
;      - input_message[1][24]         ; 1                 ; 51      ;
;      - input_message[9][24]         ; 1                 ; 51      ;
;      - input_message[4][24]         ; 1                 ; 51      ;
;      - input_message[12][24]        ; 1                 ; 51      ;
;      - input_message[2][24]         ; 1                 ; 51      ;
;      - input_message[3][24]         ; 1                 ; 51      ;
;      - input_message[10][24]        ; 1                 ; 51      ;
;      - input_message[7][24]         ; 1                 ; 51      ;
;      - input_message[15][24]        ; 1                 ; 51      ;
;      - input_message[13][24]~feeder ; 1                 ; 51      ;
;      - input_message[5][24]~feeder  ; 1                 ; 51      ;
;      - input_message[11][24]~feeder ; 1                 ; 51      ;
;      - input_message[6][24]~feeder  ; 1                 ; 51      ;
;      - input_message[0][24]~feeder  ; 1                 ; 51      ;
;      - input_message[8][24]~feeder  ; 1                 ; 51      ;
;      - input_message[16][24]~feeder ; 1                 ; 51      ;
;      - input_message[18][24]~feeder ; 1                 ; 51      ;
;      - input_message[14][24]~feeder ; 1                 ; 51      ;
; mem_read_data[25]                   ;                   ;         ;
;      - input_message[2][25]         ; 1                 ; 51      ;
;      - input_message[1][25]         ; 1                 ; 51      ;
;      - input_message[3][25]         ; 1                 ; 51      ;
;      - input_message[7][25]         ; 1                 ; 51      ;
;      - input_message[8][25]         ; 1                 ; 51      ;
;      - input_message[10][25]        ; 1                 ; 51      ;
;      - input_message[15][25]        ; 1                 ; 51      ;
;      - input_message[11][25]~feeder ; 1                 ; 51      ;
;      - input_message[6][25]~feeder  ; 1                 ; 51      ;
;      - input_message[9][25]~feeder  ; 1                 ; 51      ;
;      - input_message[4][25]~feeder  ; 1                 ; 51      ;
;      - input_message[0][25]~feeder  ; 1                 ; 51      ;
;      - input_message[12][25]~feeder ; 1                 ; 51      ;
;      - input_message[5][25]~feeder  ; 1                 ; 51      ;
;      - input_message[16][25]~feeder ; 1                 ; 51      ;
;      - input_message[18][25]~feeder ; 1                 ; 51      ;
;      - input_message[17][25]~feeder ; 1                 ; 51      ;
;      - input_message[13][25]~feeder ; 1                 ; 51      ;
;      - input_message[14][25]~feeder ; 1                 ; 51      ;
; mem_read_data[26]                   ;                   ;         ;
;      - input_message[16][26]        ; 0                 ; 51      ;
;      - input_message[17][26]        ; 0                 ; 51      ;
;      - input_message[18][26]        ; 0                 ; 51      ;
;      - input_message[0][26]         ; 0                 ; 51      ;
;      - input_message[9][26]         ; 0                 ; 51      ;
;      - input_message[4][26]         ; 0                 ; 51      ;
;      - input_message[5][26]         ; 0                 ; 51      ;
;      - input_message[2][26]         ; 0                 ; 51      ;
;      - input_message[3][26]         ; 0                 ; 51      ;
;      - input_message[10][26]        ; 0                 ; 51      ;
;      - input_message[11][26]        ; 0                 ; 51      ;
;      - input_message[6][26]         ; 0                 ; 51      ;
;      - input_message[7][26]         ; 0                 ; 51      ;
;      - input_message[14][26]        ; 0                 ; 51      ;
;      - input_message[15][26]~feeder ; 0                 ; 51      ;
;      - input_message[12][26]~feeder ; 0                 ; 51      ;
;      - input_message[13][26]~feeder ; 0                 ; 51      ;
;      - input_message[8][26]~feeder  ; 0                 ; 51      ;
;      - input_message[1][26]~feeder  ; 0                 ; 51      ;
; mem_read_data[27]                   ;                   ;         ;
;      - input_message[16][27]        ; 0                 ; 51      ;
;      - input_message[0][27]         ; 0                 ; 51      ;
;      - input_message[2][27]         ; 0                 ; 51      ;
;      - input_message[6][27]         ; 0                 ; 51      ;
;      - input_message[3][27]         ; 0                 ; 51      ;
;      - input_message[8][27]         ; 0                 ; 51      ;
;      - input_message[14][27]        ; 0                 ; 51      ;
;      - input_message[11][27]        ; 0                 ; 51      ;
;      - input_message[13][27]        ; 0                 ; 51      ;
;      - input_message[15][27]        ; 0                 ; 51      ;
;      - input_message[5][27]~feeder  ; 0                 ; 51      ;
;      - input_message[1][27]~feeder  ; 0                 ; 51      ;
;      - input_message[12][27]~feeder ; 0                 ; 51      ;
;      - input_message[7][27]~feeder  ; 0                 ; 51      ;
;      - input_message[10][27]~feeder ; 0                 ; 51      ;
;      - input_message[4][27]~feeder  ; 0                 ; 51      ;
;      - input_message[9][27]~feeder  ; 0                 ; 51      ;
;      - input_message[18][27]~feeder ; 0                 ; 51      ;
;      - input_message[17][27]~feeder ; 0                 ; 51      ;
; mem_read_data[28]                   ;                   ;         ;
;      - input_message[16][28]        ; 1                 ; 51      ;
;      - input_message[17][28]        ; 1                 ; 51      ;
;      - input_message[0][28]         ; 0                 ; 51      ;
;      - input_message[8][28]         ; 0                 ; 51      ;
;      - input_message[9][28]         ; 0                 ; 51      ;
;      - input_message[4][28]         ; 0                 ; 51      ;
;      - input_message[2][28]         ; 0                 ; 51      ;
;      - input_message[10][28]        ; 0                 ; 51      ;
;      - input_message[6][28]         ; 0                 ; 51      ;
;      - input_message[18][28]~feeder ; 1                 ; 51      ;
;      - input_message[1][28]~feeder  ; 0                 ; 51      ;
;      - input_message[5][28]~feeder  ; 0                 ; 51      ;
;      - input_message[12][28]~feeder ; 0                 ; 51      ;
;      - input_message[7][28]~feeder  ; 0                 ; 51      ;
;      - input_message[14][28]~feeder ; 0                 ; 51      ;
;      - input_message[15][28]~feeder ; 0                 ; 51      ;
;      - input_message[3][28]~feeder  ; 0                 ; 51      ;
;      - input_message[13][28]~feeder ; 0                 ; 51      ;
;      - input_message[11][28]~feeder ; 0                 ; 51      ;
; mem_read_data[29]                   ;                   ;         ;
;      - input_message[17][29]        ; 1                 ; 51      ;
;      - input_message[18][29]        ; 1                 ; 51      ;
;      - input_message[0][29]         ; 1                 ; 51      ;
;      - input_message[2][29]         ; 1                 ; 51      ;
;      - input_message[4][29]         ; 1                 ; 51      ;
;      - input_message[6][29]         ; 1                 ; 51      ;
;      - input_message[1][29]         ; 1                 ; 51      ;
;      - input_message[7][29]         ; 1                 ; 51      ;
;      - input_message[8][29]         ; 1                 ; 51      ;
;      - input_message[10][29]        ; 1                 ; 51      ;
;      - input_message[14][29]        ; 1                 ; 51      ;
;      - input_message[9][29]         ; 1                 ; 51      ;
;      - input_message[11][29]        ; 1                 ; 51      ;
;      - input_message[13][29]        ; 1                 ; 51      ;
;      - input_message[15][29]        ; 1                 ; 51      ;
;      - input_message[3][29]~feeder  ; 1                 ; 51      ;
;      - input_message[16][29]~feeder ; 1                 ; 51      ;
;      - input_message[12][29]~feeder ; 1                 ; 51      ;
;      - input_message[5][29]~feeder  ; 1                 ; 51      ;
; mem_read_data[30]                   ;                   ;         ;
;      - input_message[18][30]        ; 0                 ; 51      ;
;      - input_message[1][30]         ; 0                 ; 51      ;
;      - input_message[8][30]         ; 0                 ; 51      ;
;      - input_message[5][30]         ; 0                 ; 51      ;
;      - input_message[12][30]        ; 0                 ; 51      ;
;      - input_message[11][30]        ; 0                 ; 51      ;
;      - input_message[6][30]         ; 0                 ; 51      ;
;      - input_message[7][30]         ; 0                 ; 51      ;
;      - input_message[14][30]        ; 0                 ; 51      ;
;      - input_message[16][30]~feeder ; 0                 ; 51      ;
;      - input_message[17][30]~feeder ; 0                 ; 51      ;
;      - input_message[13][30]~feeder ; 0                 ; 51      ;
;      - input_message[3][30]~feeder  ; 0                 ; 51      ;
;      - input_message[2][30]~feeder  ; 0                 ; 51      ;
;      - input_message[0][30]~feeder  ; 0                 ; 51      ;
;      - input_message[4][30]~feeder  ; 0                 ; 51      ;
;      - input_message[15][30]~feeder ; 0                 ; 51      ;
;      - input_message[9][30]~feeder  ; 0                 ; 51      ;
;      - input_message[10][30]~feeder ; 0                 ; 51      ;
; mem_read_data[31]                   ;                   ;         ;
;      - input_message[16][31]        ; 1                 ; 51      ;
;      - input_message[17][31]        ; 1                 ; 51      ;
;      - input_message[18][31]        ; 1                 ; 51      ;
;      - input_message[0][31]         ; 1                 ; 51      ;
;      - input_message[1][31]         ; 1                 ; 51      ;
;      - input_message[9][31]         ; 1                 ; 51      ;
;      - input_message[4][31]         ; 1                 ; 51      ;
;      - input_message[5][31]         ; 1                 ; 51      ;
;      - input_message[12][31]        ; 1                 ; 51      ;
;      - input_message[10][31]        ; 1                 ; 51      ;
;      - input_message[11][31]        ; 1                 ; 51      ;
;      - input_message[6][31]         ; 1                 ; 51      ;
;      - input_message[7][31]         ; 1                 ; 51      ;
;      - input_message[14][31]        ; 1                 ; 51      ;
;      - input_message[15][31]        ; 1                 ; 51      ;
;      - input_message[13][31]~feeder ; 1                 ; 51      ;
;      - input_message[3][31]~feeder  ; 1                 ; 51      ;
;      - input_message[2][31]~feeder  ; 1                 ; 51      ;
;      - input_message[8][31]~feeder  ; 1                 ; 51      ;
+-------------------------------------+-------------------+---------+


+-----------------------------------------------------------------------------------------------------------------------------------------------------------------------------------------------------------+
; Control Signals                                                                                                                                                                                           ;
+-----------------------------------------------------------------+----------------------+---------+-------------------------+--------+----------------------+------------------+---------------------------+
; Name                                                            ; Location             ; Fan-Out ; Usage                   ; Global ; Global Resource Used ; Global Line Name ; Enable Signal Source Name ;
+-----------------------------------------------------------------+----------------------+---------+-------------------------+--------+----------------------+------------------+---------------------------+
; Decoder0~0                                                      ; MLABCELL_X49_Y14_N32 ; 32      ; Clock enable            ; no     ; --                   ; --               ; --                        ;
; Decoder0~1                                                      ; MLABCELL_X49_Y14_N10 ; 32      ; Clock enable            ; no     ; --                   ; --               ; --                        ;
; Decoder0~10                                                     ; MLABCELL_X49_Y11_N24 ; 32      ; Clock enable            ; no     ; --                   ; --               ; --                        ;
; Decoder0~11                                                     ; MLABCELL_X49_Y11_N34 ; 32      ; Clock enable            ; no     ; --                   ; --               ; --                        ;
; Decoder0~13                                                     ; MLABCELL_X49_Y11_N36 ; 32      ; Clock enable            ; no     ; --                   ; --               ; --                        ;
; Decoder0~14                                                     ; MLABCELL_X49_Y11_N22 ; 32      ; Clock enable            ; no     ; --                   ; --               ; --                        ;
; Decoder0~15                                                     ; MLABCELL_X49_Y11_N8  ; 32      ; Clock enable            ; no     ; --                   ; --               ; --                        ;
; Decoder0~16                                                     ; MLABCELL_X49_Y11_N18 ; 32      ; Clock enable            ; no     ; --                   ; --               ; --                        ;
; Decoder0~17                                                     ; MLABCELL_X49_Y11_N6  ; 32      ; Clock enable            ; no     ; --                   ; --               ; --                        ;
; Decoder0~18                                                     ; MLABCELL_X49_Y11_N28 ; 32      ; Clock enable            ; no     ; --                   ; --               ; --                        ;
; Decoder0~19                                                     ; MLABCELL_X49_Y11_N32 ; 32      ; Clock enable            ; no     ; --                   ; --               ; --                        ;
; Decoder0~2                                                      ; MLABCELL_X49_Y14_N28 ; 32      ; Clock enable            ; no     ; --                   ; --               ; --                        ;
; Decoder0~20                                                     ; MLABCELL_X49_Y11_N30 ; 32      ; Clock enable            ; no     ; --                   ; --               ; --                        ;
; Decoder0~21                                                     ; MLABCELL_X49_Y11_N20 ; 32      ; Clock enable            ; no     ; --                   ; --               ; --                        ;
; Decoder0~22                                                     ; MLABCELL_X49_Y11_N16 ; 32      ; Clock enable            ; no     ; --                   ; --               ; --                        ;
; Decoder0~4                                                      ; MLABCELL_X49_Y11_N0  ; 32      ; Clock enable            ; no     ; --                   ; --               ; --                        ;
; Decoder0~5                                                      ; MLABCELL_X49_Y11_N12 ; 32      ; Clock enable            ; no     ; --                   ; --               ; --                        ;
; Decoder0~7                                                      ; MLABCELL_X49_Y11_N26 ; 32      ; Clock enable            ; no     ; --                   ; --               ; --                        ;
; Decoder0~8                                                      ; MLABCELL_X49_Y11_N4  ; 32      ; Clock enable            ; no     ; --                   ; --               ; --                        ;
; bitcoin_sha:multiple_ph_2[0].inst_ph_2|computation_counter[6]~1 ; MLABCELL_X42_Y36_N28 ; 2055    ; Clock enable            ; no     ; --                   ; --               ; --                        ;
; bitcoin_sha:multiple_ph_2[0].inst_ph_2|expanded_input[15][31]~0 ; LABCELL_X43_Y42_N8   ; 4096    ; Clock enable            ; no     ; --                   ; --               ; --                        ;
; bitcoin_sha:multiple_ph_2[0].inst_ph_2|h0_out[31]~0             ; MLABCELL_X19_Y19_N22 ; 2048    ; Clock enable            ; no     ; --                   ; --               ; --                        ;
; bitcoin_sha:multiple_ph_2[0].inst_ph_2|merged_counter[5]~0      ; LABCELL_X35_Y36_N16  ; 7       ; Sync. clear             ; no     ; --                   ; --               ; --                        ;
; bitcoin_sha:multiple_ph_2[0].inst_ph_2|merged_counter[6]~1      ; LABCELL_X35_Y36_N36  ; 7       ; Clock enable            ; no     ; --                   ; --               ; --                        ;
; bitcoin_sha:multiple_ph_2[0].inst_ph_2|state.EXPAND             ; FF_X35_Y36_N15       ; 6159    ; Sync. load              ; no     ; --                   ; --               ; --                        ;
; bitcoin_sha:multiple_ph_3[0].inst_ph_3|computation_counter[6]~1 ; MLABCELL_X19_Y19_N24 ; 2055    ; Clock enable            ; no     ; --                   ; --               ; --                        ;
; bitcoin_sha:multiple_ph_3[0].inst_ph_3|expanded_input[15][31]~0 ; MLABCELL_X19_Y19_N34 ; 4096    ; Clock enable            ; no     ; --                   ; --               ; --                        ;
; bitcoin_sha:multiple_ph_3[0].inst_ph_3|h0_out[0]~0              ; LABCELL_X10_Y11_N30  ; 256     ; Clock enable            ; no     ; --                   ; --               ; --                        ;
; bitcoin_sha:multiple_ph_3[0].inst_ph_3|merged_counter[3]~0      ; MLABCELL_X19_Y16_N4  ; 7       ; Sync. clear             ; no     ; --                   ; --               ; --                        ;
; bitcoin_sha:multiple_ph_3[0].inst_ph_3|merged_counter[6]~1      ; MLABCELL_X19_Y19_N36 ; 7       ; Clock enable            ; no     ; --                   ; --               ; --                        ;
; bitcoin_sha:multiple_ph_3[0].inst_ph_3|state.EXPAND             ; FF_X19_Y19_N39       ; 6159    ; Sync. clear, Sync. load ; no     ; --                   ; --               ; --                        ;
; bitcoin_sha:phase_1|computation_counter[6]~1                    ; LABCELL_X50_Y12_N8   ; 263     ; Clock enable            ; no     ; --                   ; --               ; --                        ;
; bitcoin_sha:phase_1|expanded_input[15][31]~0                    ; LABCELL_X50_Y12_N2   ; 512     ; Clock enable            ; no     ; --                   ; --               ; --                        ;
; bitcoin_sha:phase_1|h0_out[31]~0                                ; LABCELL_X50_Y12_N22  ; 256     ; Clock enable            ; no     ; --                   ; --               ; --                        ;
; bitcoin_sha:phase_1|merged_counter[6]~0                         ; MLABCELL_X49_Y12_N34 ; 7       ; Sync. clear             ; no     ; --                   ; --               ; --                        ;
; bitcoin_sha:phase_1|merged_counter[6]~1                         ; MLABCELL_X49_Y12_N26 ; 7       ; Clock enable            ; no     ; --                   ; --               ; --                        ;
; bitcoin_sha:phase_1|state.EXPAND                                ; FF_X49_Y12_N25       ; 783     ; Sync. clear, Sync. load ; no     ; --                   ; --               ; --                        ;
; block_read_counter[4]~0                                         ; MLABCELL_X49_Y14_N6  ; 10      ; Clock enable            ; no     ; --                   ; --               ; --                        ;
; clk                                                             ; PIN_AE15             ; 16364   ; Clock                   ; yes    ; Global Clock         ; GCLK7            ; --                        ;
; mem_addr[0]~1                                                   ; MLABCELL_X52_Y21_N32 ; 16      ; Clock enable            ; no     ; --                   ; --               ; --                        ;
; mem_write_data[0]~1                                             ; LABCELL_X10_Y13_N28  ; 32      ; Clock enable            ; no     ; --                   ; --               ; --                        ;
; phase_counter[0]~1                                              ; MLABCELL_X9_Y13_N10  ; 1       ; Clock enable            ; no     ; --                   ; --               ; --                        ;
; reset_n                                                         ; PIN_AF15             ; 25      ; Async. clear            ; yes    ; Global Clock         ; GCLK6            ; --                        ;
; state.ACTUAL_READ                                               ; FF_X40_Y13_N17       ; 50      ; Sync. clear             ; no     ; --                   ; --               ; --                        ;
; state.IDLE                                                      ; FF_X58_Y20_N15       ; 22      ; Sync. load              ; no     ; --                   ; --               ; --                        ;
; state.WRITE                                                     ; FF_X40_Y13_N3        ; 17      ; Sync. clear             ; no     ; --                   ; --               ; --                        ;
; write_offset[0]~1                                               ; LABCELL_X40_Y13_N26  ; 4       ; Clock enable            ; no     ; --                   ; --               ; --                        ;
+-----------------------------------------------------------------+----------------------+---------+-------------------------+--------+----------------------+------------------+---------------------------+


+-------------------------------------------------------------------------------------------------------------------------------------------+
; Global & Other Fast Signals                                                                                                               ;
+---------+----------+---------+--------------------------------------+----------------------+------------------+---------------------------+
; Name    ; Location ; Fan-Out ; Fan-Out Using Intentional Clock Skew ; Global Resource Used ; Global Line Name ; Enable Signal Source Name ;
+---------+----------+---------+--------------------------------------+----------------------+------------------+---------------------------+
; clk     ; PIN_AE15 ; 16364   ; 1135                                 ; Global Clock         ; GCLK7            ; --                        ;
; reset_n ; PIN_AF15 ; 25      ; 0                                    ; Global Clock         ; GCLK6            ; --                        ;
+---------+----------+---------+--------------------------------------+----------------------+------------------+---------------------------+


+---------------------------------------------------------------------------+
; Non-Global High Fan-Out Signals                                           ;
+-----------------------------------------------------------------+---------+
; Name                                                            ; Fan-Out ;
+-----------------------------------------------------------------+---------+
; bitcoin_sha:multiple_ph_2[0].inst_ph_2|state.EXPAND             ; 6159    ;
; bitcoin_sha:multiple_ph_3[0].inst_ph_3|state.EXPAND             ; 6159    ;
; ~GND                                                            ; 6132    ;
; bitcoin_sha:multiple_ph_2[0].inst_ph_2|expanded_input[15][31]~0 ; 4096    ;
; bitcoin_sha:multiple_ph_3[0].inst_ph_3|expanded_input[15][31]~0 ; 4096    ;
; bitcoin_sha:multiple_ph_3[0].inst_ph_3|computation_counter[6]~1 ; 2055    ;
; bitcoin_sha:multiple_ph_2[0].inst_ph_2|computation_counter[6]~1 ; 2055    ;
; bitcoin_sha:multiple_ph_2[0].inst_ph_2|h0_out[31]~0             ; 2048    ;
; bitcoin_sha:phase_1|state.EXPAND                                ; 783     ;
; bitcoin_sha:multiple_ph_2[0].inst_ph_2|computation_counter[0]   ; 688     ;
; bitcoin_sha:multiple_ph_2[0].inst_ph_2|computation_counter[3]   ; 686     ;
; bitcoin_sha:multiple_ph_2[0].inst_ph_2|computation_counter[2]   ; 680     ;
; bitcoin_sha:multiple_ph_2[0].inst_ph_2|computation_counter[1]   ; 680     ;
; bitcoin_sha:multiple_ph_3[0].inst_ph_3|computation_counter[3]   ; 680     ;
; bitcoin_sha:multiple_ph_3[0].inst_ph_3|computation_counter[0]   ; 680     ;
; bitcoin_sha:multiple_ph_3[0].inst_ph_3|computation_counter[2]   ; 674     ;
; bitcoin_sha:multiple_ph_3[0].inst_ph_3|computation_counter[1]   ; 674     ;
; bitcoin_sha:phase_1|expanded_input[15][31]~0                    ; 512     ;
+-----------------------------------------------------------------+---------+


+---------------------------------------------------------------+
; Routing Usage Summary                                         ;
+-----------------------------------+---------------------------+
; Routing Resource Type             ; Usage                     ;
+-----------------------------------+---------------------------+
; Block interconnects               ; 43,520 / 213,100 ( 20 % ) ;
; C12 interconnects                 ; 1,470 / 7,906 ( 19 % )    ;
; C4 interconnects                  ; 25,469 / 139,240 ( 18 % ) ;
; DIFFIOCLKs                        ; 0 / 8 ( 0 % )             ;
; DQS bus muxes                     ; 0 / 42 ( 0 % )            ;
; DQS-18 I/O buses                  ; 0 / 9 ( 0 % )             ;
; DQS-36 I/O buses                  ; 0 / 3 ( 0 % )             ;
; DQS-9 I/O buses                   ; 0 / 21 ( 0 % )            ;
; DQS-N18 I/O buses                 ; 0 / 4 ( 0 % )             ;
; Direct links                      ; 3,728 / 213,100 ( 2 % )   ;
; Global clocks                     ; 2 / 16 ( 13 % )           ;
; HSSI Block Output Buffers         ; 0 / 3,905 ( 0 % )         ;
; Interquad CMU TXRX PMARX outputs  ; 0 / 4 ( 0 % )             ;
; Interquad CMU TXRX PMATX outputs  ; 0 / 4 ( 0 % )             ;
; Interquad Clock Inputs            ; 0 / 16 ( 0 % )            ;
; Interquad Clock Outputs           ; 0 / 4 ( 0 % )             ;
; Interquad Clocks                  ; 0 / 16 ( 0 % )            ;
; Interquad Global PLL Clock Inputs ; 0 / 12 ( 0 % )            ;
; Interquad Global PLL Clocks       ; 0 / 4 ( 0 % )             ;
; Interquad Quadrant Clock MUXs     ; 0 / 2 ( 0 % )             ;
; Interquad Reference Clock Outputs ; 0 / 2 ( 0 % )             ;
; Interquad TXRX Clock Feedbacks    ; 0 / 4 ( 0 % )             ;
; Interquad TXRX Clocks             ; 0 / 32 ( 0 % )            ;
; Interquad TXRX PCLK controls      ; 0 / 42 ( 0 % )            ;
; Interquad TXRX PCSRX outputs      ; 0 / 8 ( 0 % )             ;
; Interquad TXRX PCSTX outputs      ; 0 / 8 ( 0 % )             ;
; Interquad TXRX PMARX outputs      ; 0 / 8 ( 0 % )             ;
; Interquad TXRX PMATX outputs      ; 0 / 8 ( 0 % )             ;
; Local interconnects               ; 11,969 / 50,600 ( 24 % )  ;
; NDQS bus muxes                    ; 0 / 42 ( 0 % )            ;
; NDQS-18 I/O buses                 ; 0 / 9 ( 0 % )             ;
; NDQS-36 I/O buses                 ; 0 / 3 ( 0 % )             ;
; NDQS-9 I/O buses                  ; 0 / 21 ( 0 % )            ;
; NDQS-N18 I/O buses                ; 0 / 4 ( 0 % )             ;
; PLL_RX_TX_LOAD_ENABLEs            ; 0 / 8 ( 0 % )             ;
; PLL_RX_TX_SCLOCKs                 ; 0 / 8 ( 0 % )             ;
; Periphery clocks                  ; 0 / 50 ( 0 % )            ;
; Quadrant clocks                   ; 0 / 48 ( 0 % )            ;
; R20 interconnects                 ; 779 / 8,690 ( 9 % )       ;
; R20/C12 interconnect drivers      ; 2,019 / 12,980 ( 16 % )   ;
; R4 interconnects                  ; 39,874 / 235,620 ( 17 % ) ;
; Spine clocks                      ; 7 / 104 ( 7 % )           ;
+-----------------------------------+---------------------------+


+-------------------------------------------------------------------+
; LAB Logic Elements                                                ;
+----------------------------------+--------------------------------+
; Number of ALMs  (Average = 9.30) ; Number of LABs  (Total = 1792) ;
+----------------------------------+--------------------------------+
; 1                                ; 17                             ;
; 2                                ; 23                             ;
; 3                                ; 28                             ;
; 4                                ; 22                             ;
; 5                                ; 22                             ;
; 6                                ; 25                             ;
; 7                                ; 48                             ;
; 8                                ; 63                             ;
; 9                                ; 113                            ;
; 10                               ; 1431                           ;
+----------------------------------+--------------------------------+


+---------------------------------------------------------------------+
; LAB-wide Signals                                                    ;
+------------------------------------+--------------------------------+
; LAB-wide Signals  (Average = 2.62) ; Number of LABs  (Total = 1792) ;
+------------------------------------+--------------------------------+
; 1 Async. clear                     ; 10                             ;
; 1 Clock                            ; 1607                           ;
; 1 Clock enable                     ; 1377                           ;
; 1 Sync. clear                      ; 55                             ;
; 1 Sync. load                       ; 1419                           ;
; 2 Clock enables                    ; 136                            ;
; 3 Clock enables                    ; 86                             ;
+------------------------------------+--------------------------------+


+-------------------------------------------------------------------------------+
; LAB Signals Sourced                                                           ;
+----------------------------------------------+--------------------------------+
; Number of Signals Sourced  (Average = 19.71) ; Number of LABs  (Total = 1792) ;
+----------------------------------------------+--------------------------------+
; 0                                            ; 135                            ;
; 1                                            ; 9                              ;
; 2                                            ; 12                             ;
; 3                                            ; 8                              ;
; 4                                            ; 24                             ;
; 5                                            ; 19                             ;
; 6                                            ; 24                             ;
; 7                                            ; 27                             ;
; 8                                            ; 23                             ;
; 9                                            ; 27                             ;
; 10                                           ; 30                             ;
; 11                                           ; 27                             ;
; 12                                           ; 46                             ;
; 13                                           ; 42                             ;
; 14                                           ; 43                             ;
; 15                                           ; 45                             ;
; 16                                           ; 57                             ;
; 17                                           ; 25                             ;
; 18                                           ; 24                             ;
; 19                                           ; 34                             ;
; 20                                           ; 101                            ;
; 21                                           ; 31                             ;
; 22                                           ; 38                             ;
; 23                                           ; 45                             ;
; 24                                           ; 54                             ;
; 25                                           ; 377                            ;
; 26                                           ; 72                             ;
; 27                                           ; 78                             ;
; 28                                           ; 80                             ;
; 29                                           ; 47                             ;
; 30                                           ; 47                             ;
; 31                                           ; 37                             ;
; 32                                           ; 32                             ;
; 33                                           ; 20                             ;
; 34                                           ; 18                             ;
; 35                                           ; 12                             ;
; 36                                           ; 8                              ;
; 37                                           ; 6                              ;
; 38                                           ; 7                              ;
; 39                                           ; 0                              ;
; 40                                           ; 1                              ;
+----------------------------------------------+--------------------------------+


+----------------------------------------------------------------------------------+
; LAB Signals Sourced Out                                                          ;
+-------------------------------------------------+--------------------------------+
; Number of Signals Sourced Out  (Average = 8.43) ; Number of LABs  (Total = 1792) ;
+-------------------------------------------------+--------------------------------+
; 0                                               ; 157                            ;
; 1                                               ; 33                             ;
; 2                                               ; 52                             ;
; 3                                               ; 265                            ;
; 4                                               ; 137                            ;
; 5                                               ; 111                            ;
; 6                                               ; 126                            ;
; 7                                               ; 84                             ;
; 8                                               ; 99                             ;
; 9                                               ; 75                             ;
; 10                                              ; 38                             ;
; 11                                              ; 53                             ;
; 12                                              ; 60                             ;
; 13                                              ; 62                             ;
; 14                                              ; 51                             ;
; 15                                              ; 50                             ;
; 16                                              ; 51                             ;
; 17                                              ; 39                             ;
; 18                                              ; 50                             ;
; 19                                              ; 57                             ;
; 20                                              ; 140                            ;
; 21                                              ; 1                              ;
; 22                                              ; 0                              ;
; 23                                              ; 1                              ;
+-------------------------------------------------+--------------------------------+


+-------------------------------------------------------------------------------+
; LAB Distinct Inputs                                                           ;
+----------------------------------------------+--------------------------------+
; Number of Distinct Inputs  (Average = 24.60) ; Number of LABs  (Total = 1792) ;
+----------------------------------------------+--------------------------------+
; 0                                            ; 0                              ;
; 1                                            ; 0                              ;
; 2                                            ; 0                              ;
; 3                                            ; 4                              ;
; 4                                            ; 10                             ;
; 5                                            ; 24                             ;
; 6                                            ; 28                             ;
; 7                                            ; 22                             ;
; 8                                            ; 27                             ;
; 9                                            ; 24                             ;
; 10                                           ; 45                             ;
; 11                                           ; 39                             ;
; 12                                           ; 35                             ;
; 13                                           ; 42                             ;
; 14                                           ; 190                            ;
; 15                                           ; 48                             ;
; 16                                           ; 49                             ;
; 17                                           ; 49                             ;
; 18                                           ; 123                            ;
; 19                                           ; 74                             ;
; 20                                           ; 64                             ;
; 21                                           ; 51                             ;
; 22                                           ; 46                             ;
; 23                                           ; 30                             ;
; 24                                           ; 25                             ;
; 25                                           ; 31                             ;
; 26                                           ; 26                             ;
; 27                                           ; 23                             ;
; 28                                           ; 25                             ;
; 29                                           ; 13                             ;
; 30                                           ; 14                             ;
; 31                                           ; 27                             ;
; 32                                           ; 14                             ;
; 33                                           ; 21                             ;
; 34                                           ; 18                             ;
; 35                                           ; 23                             ;
; 36                                           ; 22                             ;
; 37                                           ; 12                             ;
; 38                                           ; 26                             ;
; 39                                           ; 22                             ;
; 40                                           ; 154                            ;
; 41                                           ; 24                             ;
; 42                                           ; 101                            ;
; 43                                           ; 20                             ;
; 44                                           ; 42                             ;
; 45                                           ; 28                             ;
; 46                                           ; 35                             ;
; 47                                           ; 22                             ;
+----------------------------------------------+--------------------------------+


+------------------------------------------+
; I/O Rules Summary                        ;
+----------------------------------+-------+
; I/O Rules Statistic              ; Total ;
+----------------------------------+-------+
; Total I/O Rules                  ; 28    ;
; Number of I/O Rules Passed       ; 6     ;
; Number of I/O Rules Failed       ; 0     ;
; Number of I/O Rules Unchecked    ; 0     ;
; Number of I/O Rules Inapplicable ; 22    ;
+----------------------------------+-------+


+-----------------------------------------------------------------------------------------------------------------------------------------------------------------------------------------------------------------------------------------------------------------------------------+
; I/O Rules Details                                                                                                                                                                                                                                                                 ;
+--------------+-----------+-----------------------------------+------------------------------------------------------------------------------------+----------+--------------------------------------------------------------------------+---------------------+-------------------+
; Status       ; ID        ; Category                          ; Rule Description                                                                   ; Severity ; Information                                                              ; Area                ; Extra Information ;
+--------------+-----------+-----------------------------------+------------------------------------------------------------------------------------+----------+--------------------------------------------------------------------------+---------------------+-------------------+
; Inapplicable ; IO_000001 ; Capacity Checks                   ; Number of pins in an I/O bank should not exceed the number of locations available. ; Critical ; No Location assignments found.                                           ; I/O                 ;                   ;
; Inapplicable ; IO_000002 ; Capacity Checks                   ; Number of clocks in an I/O bank should not exceed the number of clocks available.  ; Critical ; No Global Signal assignments found.                                      ; I/O                 ;                   ;
; Inapplicable ; IO_000003 ; Capacity Checks                   ; Number of pins in a Vrefgroup should not exceed the number of locations available. ; Critical ; No Location assignments found.                                           ; I/O                 ;                   ;
; Inapplicable ; IO_000004 ; Voltage Compatibility Checks      ; The I/O bank should support the requested VCCIO.                                   ; Critical ; No IOBANK_VCCIO assignments found.                                       ; I/O                 ;                   ;
; Inapplicable ; IO_000005 ; Voltage Compatibility Checks      ; The I/O bank should not have competing VREF values.                                ; Critical ; No VREF I/O Standard assignments found.                                  ; I/O                 ;                   ;
; Pass         ; IO_000006 ; Voltage Compatibility Checks      ; The I/O bank should not have competing VCCIO values.                               ; Critical ; 0 such failures found.                                                   ; I/O                 ;                   ;
; Inapplicable ; IO_000007 ; Valid Location Checks             ; Checks for unavailable locations.                                                  ; Critical ; No Location assignments found.                                           ; I/O                 ;                   ;
; Inapplicable ; IO_000008 ; Valid Location Checks             ; Checks for reserved locations.                                                     ; Critical ; No reserved LogicLock region found.                                      ; I/O                 ;                   ;
; Pass         ; IO_000009 ; I/O Properties Checks for One I/O ; The location should support the requested I/O standard.                            ; Critical ; 0 such failures found.                                                   ; I/O                 ;                   ;
; Pass         ; IO_000010 ; I/O Properties Checks for One I/O ; The location should support the requested I/O direction.                           ; Critical ; 0 such failures found.                                                   ; I/O                 ;                   ;
; Inapplicable ; IO_000011 ; I/O Properties Checks for One I/O ; The location should support the requested Current Strength.                        ; Critical ; No Current Strength assignments found.                                   ; I/O                 ;                   ;
; Pass         ; IO_000012 ; I/O Properties Checks for One I/O ; The location should support the requested On Chip Termination value.               ; Critical ; 0 such failures found.                                                   ; I/O                 ;                   ;
; Inapplicable ; IO_000013 ; I/O Properties Checks for One I/O ; The location should support the requested Bus Hold value.                          ; Critical ; No Enable Bus-Hold Circuitry assignments found.                          ; I/O                 ;                   ;
; Inapplicable ; IO_000014 ; I/O Properties Checks for One I/O ; The location should support the requested Weak Pull Up value.                      ; Critical ; No Weak Pull-Up Resistor assignments found.                              ; I/O                 ;                   ;
; Inapplicable ; IO_000015 ; I/O Properties Checks for One I/O ; The location should support the requested PCI Clamp Diode.                         ; Critical ; No Clamping Diode assignments found.                                     ; I/O                 ;                   ;
; Inapplicable ; IO_000018 ; I/O Properties Checks for One I/O ; The I/O standard should support the requested Current Strength.                    ; Critical ; No Current Strength assignments found.                                   ; I/O                 ;                   ;
; Pass         ; IO_000019 ; I/O Properties Checks for One I/O ; The I/O standard should support the requested On Chip Termination value.           ; Critical ; 0 such failures found.                                                   ; I/O                 ;                   ;
; Inapplicable ; IO_000020 ; I/O Properties Checks for One I/O ; The I/O standard should support the requested PCI Clamp Diode.                     ; Critical ; No Clamping Diode assignments found.                                     ; I/O                 ;                   ;
; Inapplicable ; IO_000021 ; I/O Properties Checks for One I/O ; The I/O standard should support the requested Weak Pull Up value.                  ; Critical ; No Weak Pull-Up Resistor assignments found.                              ; I/O                 ;                   ;
; Inapplicable ; IO_000022 ; I/O Properties Checks for One I/O ; The I/O standard should support the requested Bus Hold value.                      ; Critical ; No Enable Bus-Hold Circuitry assignments found.                          ; I/O                 ;                   ;
; Inapplicable ; IO_000023 ; I/O Properties Checks for One I/O ; The I/O standard should support the Open Drain value.                              ; Critical ; No open drain assignments found.                                         ; I/O                 ;                   ;
; Pass         ; IO_000024 ; I/O Properties Checks for One I/O ; The I/O direction should support the On Chip Termination value.                    ; Critical ; 0 such failures found.                                                   ; I/O                 ;                   ;
; Inapplicable ; IO_000026 ; I/O Properties Checks for One I/O ; On Chip Termination and Current Strength should not be used at the same time.      ; Critical ; No Current Strength assignments found.                                   ; I/O                 ;                   ;
; Inapplicable ; IO_000027 ; I/O Properties Checks for One I/O ; Weak Pull Up and Bus Hold should not be used at the same time.                     ; Critical ; No Enable Bus-Hold Circuitry or Weak Pull-Up Resistor assignments found. ; I/O                 ;                   ;
; Inapplicable ; IO_000045 ; I/O Properties Checks for One I/O ; The I/O standard should support the requested Slew Rate value.                     ; Critical ; No Slew Rate assignments found.                                          ; I/O                 ;                   ;
; Inapplicable ; IO_000046 ; I/O Properties Checks for One I/O ; The location should support the requested Slew Rate value.                         ; Critical ; No Slew Rate assignments found.                                          ; I/O                 ;                   ;
; Inapplicable ; IO_000047 ; I/O Properties Checks for One I/O ; On Chip Termination and Slew Rate should not be used at the same time.             ; Critical ; No Slew Rate assignments found.                                          ; I/O                 ;                   ;
; Inapplicable ; IO_000034 ; SI Related Distance Checks        ; Single-ended outputs should be 1 LAB row(s) away from a differential I/O.          ; High     ; No Differential I/O Standard assignments found.                          ; I/O                 ;                   ;
; ----         ; ----      ; Disclaimer                        ; OCT rules are checked but not reported.                                            ; None     ; ----                                                                     ; On Chip Termination ;                   ;
+--------------+-----------+-----------------------------------+------------------------------------------------------------------------------------+----------+--------------------------------------------------------------------------+---------------------+-------------------+


+-----------------------------------------------------------------------------------------------------------------------------------------------------------------------------------------------------------------------------------------------------------------------------------------------------------------------------------------------------------------------------------------------------------------------------------------------+
; I/O Rules Matrix                                                                                                                                                                                                                                                                                                                                                                                                                              ;
+--------------------+--------------+--------------+--------------+--------------+--------------+-----------+--------------+--------------+-----------+-----------+--------------+--------------+--------------+--------------+--------------+--------------+--------------+--------------+--------------+--------------+--------------+--------------+--------------+--------------+--------------+--------------+--------------+--------------+
; Pin/Rules          ; IO_000001    ; IO_000002    ; IO_000003    ; IO_000004    ; IO_000005    ; IO_000006 ; IO_000007    ; IO_000008    ; IO_000009 ; IO_000010 ; IO_000011    ; IO_000012    ; IO_000013    ; IO_000014    ; IO_000015    ; IO_000018    ; IO_000019    ; IO_000020    ; IO_000021    ; IO_000022    ; IO_000023    ; IO_000024    ; IO_000026    ; IO_000027    ; IO_000045    ; IO_000046    ; IO_000047    ; IO_000034    ;
+--------------------+--------------+--------------+--------------+--------------+--------------+-----------+--------------+--------------+-----------+-----------+--------------+--------------+--------------+--------------+--------------+--------------+--------------+--------------+--------------+--------------+--------------+--------------+--------------+--------------+--------------+--------------+--------------+--------------+
; Total Pass         ; 0            ; 0            ; 0            ; 0            ; 0            ; 118       ; 0            ; 0            ; 118       ; 118       ; 0            ; 51           ; 0            ; 0            ; 0            ; 0            ; 51           ; 0            ; 0            ; 0            ; 0            ; 51           ; 0            ; 0            ; 0            ; 0            ; 0            ; 0            ;
; Total Unchecked    ; 0            ; 0            ; 0            ; 0            ; 0            ; 0         ; 0            ; 0            ; 0         ; 0         ; 0            ; 0            ; 0            ; 0            ; 0            ; 0            ; 0            ; 0            ; 0            ; 0            ; 0            ; 0            ; 0            ; 0            ; 0            ; 0            ; 0            ; 0            ;
; Total Inapplicable ; 118          ; 118          ; 118          ; 118          ; 118          ; 0         ; 118          ; 118          ; 0         ; 0         ; 118          ; 67           ; 118          ; 118          ; 118          ; 118          ; 67           ; 118          ; 118          ; 118          ; 118          ; 67           ; 118          ; 118          ; 118          ; 118          ; 118          ; 118          ;
; Total Fail         ; 0            ; 0            ; 0            ; 0            ; 0            ; 0         ; 0            ; 0            ; 0         ; 0         ; 0            ; 0            ; 0            ; 0            ; 0            ; 0            ; 0            ; 0            ; 0            ; 0            ; 0            ; 0            ; 0            ; 0            ; 0            ; 0            ; 0            ; 0            ;
; done               ; Inapplicable ; Inapplicable ; Inapplicable ; Inapplicable ; Inapplicable ; Pass      ; Inapplicable ; Inapplicable ; Pass      ; Pass      ; Inapplicable ; Pass         ; Inapplicable ; Inapplicable ; Inapplicable ; Inapplicable ; Pass         ; Inapplicable ; Inapplicable ; Inapplicable ; Inapplicable ; Pass         ; Inapplicable ; Inapplicable ; Inapplicable ; Inapplicable ; Inapplicable ; Inapplicable ;
; mem_clk            ; Inapplicable ; Inapplicable ; Inapplicable ; Inapplicable ; Inapplicable ; Pass      ; Inapplicable ; Inapplicable ; Pass      ; Pass      ; Inapplicable ; Pass         ; Inapplicable ; Inapplicable ; Inapplicable ; Inapplicable ; Pass         ; Inapplicable ; Inapplicable ; Inapplicable ; Inapplicable ; Pass         ; Inapplicable ; Inapplicable ; Inapplicable ; Inapplicable ; Inapplicable ; Inapplicable ;
; mem_we             ; Inapplicable ; Inapplicable ; Inapplicable ; Inapplicable ; Inapplicable ; Pass      ; Inapplicable ; Inapplicable ; Pass      ; Pass      ; Inapplicable ; Pass         ; Inapplicable ; Inapplicable ; Inapplicable ; Inapplicable ; Pass         ; Inapplicable ; Inapplicable ; Inapplicable ; Inapplicable ; Pass         ; Inapplicable ; Inapplicable ; Inapplicable ; Inapplicable ; Inapplicable ; Inapplicable ;
; mem_addr[0]        ; Inapplicable ; Inapplicable ; Inapplicable ; Inapplicable ; Inapplicable ; Pass      ; Inapplicable ; Inapplicable ; Pass      ; Pass      ; Inapplicable ; Pass         ; Inapplicable ; Inapplicable ; Inapplicable ; Inapplicable ; Pass         ; Inapplicable ; Inapplicable ; Inapplicable ; Inapplicable ; Pass         ; Inapplicable ; Inapplicable ; Inapplicable ; Inapplicable ; Inapplicable ; Inapplicable ;
; mem_addr[1]        ; Inapplicable ; Inapplicable ; Inapplicable ; Inapplicable ; Inapplicable ; Pass      ; Inapplicable ; Inapplicable ; Pass      ; Pass      ; Inapplicable ; Pass         ; Inapplicable ; Inapplicable ; Inapplicable ; Inapplicable ; Pass         ; Inapplicable ; Inapplicable ; Inapplicable ; Inapplicable ; Pass         ; Inapplicable ; Inapplicable ; Inapplicable ; Inapplicable ; Inapplicable ; Inapplicable ;
; mem_addr[2]        ; Inapplicable ; Inapplicable ; Inapplicable ; Inapplicable ; Inapplicable ; Pass      ; Inapplicable ; Inapplicable ; Pass      ; Pass      ; Inapplicable ; Pass         ; Inapplicable ; Inapplicable ; Inapplicable ; Inapplicable ; Pass         ; Inapplicable ; Inapplicable ; Inapplicable ; Inapplicable ; Pass         ; Inapplicable ; Inapplicable ; Inapplicable ; Inapplicable ; Inapplicable ; Inapplicable ;
; mem_addr[3]        ; Inapplicable ; Inapplicable ; Inapplicable ; Inapplicable ; Inapplicable ; Pass      ; Inapplicable ; Inapplicable ; Pass      ; Pass      ; Inapplicable ; Pass         ; Inapplicable ; Inapplicable ; Inapplicable ; Inapplicable ; Pass         ; Inapplicable ; Inapplicable ; Inapplicable ; Inapplicable ; Pass         ; Inapplicable ; Inapplicable ; Inapplicable ; Inapplicable ; Inapplicable ; Inapplicable ;
; mem_addr[4]        ; Inapplicable ; Inapplicable ; Inapplicable ; Inapplicable ; Inapplicable ; Pass      ; Inapplicable ; Inapplicable ; Pass      ; Pass      ; Inapplicable ; Pass         ; Inapplicable ; Inapplicable ; Inapplicable ; Inapplicable ; Pass         ; Inapplicable ; Inapplicable ; Inapplicable ; Inapplicable ; Pass         ; Inapplicable ; Inapplicable ; Inapplicable ; Inapplicable ; Inapplicable ; Inapplicable ;
; mem_addr[5]        ; Inapplicable ; Inapplicable ; Inapplicable ; Inapplicable ; Inapplicable ; Pass      ; Inapplicable ; Inapplicable ; Pass      ; Pass      ; Inapplicable ; Pass         ; Inapplicable ; Inapplicable ; Inapplicable ; Inapplicable ; Pass         ; Inapplicable ; Inapplicable ; Inapplicable ; Inapplicable ; Pass         ; Inapplicable ; Inapplicable ; Inapplicable ; Inapplicable ; Inapplicable ; Inapplicable ;
; mem_addr[6]        ; Inapplicable ; Inapplicable ; Inapplicable ; Inapplicable ; Inapplicable ; Pass      ; Inapplicable ; Inapplicable ; Pass      ; Pass      ; Inapplicable ; Pass         ; Inapplicable ; Inapplicable ; Inapplicable ; Inapplicable ; Pass         ; Inapplicable ; Inapplicable ; Inapplicable ; Inapplicable ; Pass         ; Inapplicable ; Inapplicable ; Inapplicable ; Inapplicable ; Inapplicable ; Inapplicable ;
; mem_addr[7]        ; Inapplicable ; Inapplicable ; Inapplicable ; Inapplicable ; Inapplicable ; Pass      ; Inapplicable ; Inapplicable ; Pass      ; Pass      ; Inapplicable ; Pass         ; Inapplicable ; Inapplicable ; Inapplicable ; Inapplicable ; Pass         ; Inapplicable ; Inapplicable ; Inapplicable ; Inapplicable ; Pass         ; Inapplicable ; Inapplicable ; Inapplicable ; Inapplicable ; Inapplicable ; Inapplicable ;
; mem_addr[8]        ; Inapplicable ; Inapplicable ; Inapplicable ; Inapplicable ; Inapplicable ; Pass      ; Inapplicable ; Inapplicable ; Pass      ; Pass      ; Inapplicable ; Pass         ; Inapplicable ; Inapplicable ; Inapplicable ; Inapplicable ; Pass         ; Inapplicable ; Inapplicable ; Inapplicable ; Inapplicable ; Pass         ; Inapplicable ; Inapplicable ; Inapplicable ; Inapplicable ; Inapplicable ; Inapplicable ;
; mem_addr[9]        ; Inapplicable ; Inapplicable ; Inapplicable ; Inapplicable ; Inapplicable ; Pass      ; Inapplicable ; Inapplicable ; Pass      ; Pass      ; Inapplicable ; Pass         ; Inapplicable ; Inapplicable ; Inapplicable ; Inapplicable ; Pass         ; Inapplicable ; Inapplicable ; Inapplicable ; Inapplicable ; Pass         ; Inapplicable ; Inapplicable ; Inapplicable ; Inapplicable ; Inapplicable ; Inapplicable ;
; mem_addr[10]       ; Inapplicable ; Inapplicable ; Inapplicable ; Inapplicable ; Inapplicable ; Pass      ; Inapplicable ; Inapplicable ; Pass      ; Pass      ; Inapplicable ; Pass         ; Inapplicable ; Inapplicable ; Inapplicable ; Inapplicable ; Pass         ; Inapplicable ; Inapplicable ; Inapplicable ; Inapplicable ; Pass         ; Inapplicable ; Inapplicable ; Inapplicable ; Inapplicable ; Inapplicable ; Inapplicable ;
; mem_addr[11]       ; Inapplicable ; Inapplicable ; Inapplicable ; Inapplicable ; Inapplicable ; Pass      ; Inapplicable ; Inapplicable ; Pass      ; Pass      ; Inapplicable ; Pass         ; Inapplicable ; Inapplicable ; Inapplicable ; Inapplicable ; Pass         ; Inapplicable ; Inapplicable ; Inapplicable ; Inapplicable ; Pass         ; Inapplicable ; Inapplicable ; Inapplicable ; Inapplicable ; Inapplicable ; Inapplicable ;
; mem_addr[12]       ; Inapplicable ; Inapplicable ; Inapplicable ; Inapplicable ; Inapplicable ; Pass      ; Inapplicable ; Inapplicable ; Pass      ; Pass      ; Inapplicable ; Pass         ; Inapplicable ; Inapplicable ; Inapplicable ; Inapplicable ; Pass         ; Inapplicable ; Inapplicable ; Inapplicable ; Inapplicable ; Pass         ; Inapplicable ; Inapplicable ; Inapplicable ; Inapplicable ; Inapplicable ; Inapplicable ;
; mem_addr[13]       ; Inapplicable ; Inapplicable ; Inapplicable ; Inapplicable ; Inapplicable ; Pass      ; Inapplicable ; Inapplicable ; Pass      ; Pass      ; Inapplicable ; Pass         ; Inapplicable ; Inapplicable ; Inapplicable ; Inapplicable ; Pass         ; Inapplicable ; Inapplicable ; Inapplicable ; Inapplicable ; Pass         ; Inapplicable ; Inapplicable ; Inapplicable ; Inapplicable ; Inapplicable ; Inapplicable ;
; mem_addr[14]       ; Inapplicable ; Inapplicable ; Inapplicable ; Inapplicable ; Inapplicable ; Pass      ; Inapplicable ; Inapplicable ; Pass      ; Pass      ; Inapplicable ; Pass         ; Inapplicable ; Inapplicable ; Inapplicable ; Inapplicable ; Pass         ; Inapplicable ; Inapplicable ; Inapplicable ; Inapplicable ; Pass         ; Inapplicable ; Inapplicable ; Inapplicable ; Inapplicable ; Inapplicable ; Inapplicable ;
; mem_addr[15]       ; Inapplicable ; Inapplicable ; Inapplicable ; Inapplicable ; Inapplicable ; Pass      ; Inapplicable ; Inapplicable ; Pass      ; Pass      ; Inapplicable ; Pass         ; Inapplicable ; Inapplicable ; Inapplicable ; Inapplicable ; Pass         ; Inapplicable ; Inapplicable ; Inapplicable ; Inapplicable ; Pass         ; Inapplicable ; Inapplicable ; Inapplicable ; Inapplicable ; Inapplicable ; Inapplicable ;
; mem_write_data[0]  ; Inapplicable ; Inapplicable ; Inapplicable ; Inapplicable ; Inapplicable ; Pass      ; Inapplicable ; Inapplicable ; Pass      ; Pass      ; Inapplicable ; Pass         ; Inapplicable ; Inapplicable ; Inapplicable ; Inapplicable ; Pass         ; Inapplicable ; Inapplicable ; Inapplicable ; Inapplicable ; Pass         ; Inapplicable ; Inapplicable ; Inapplicable ; Inapplicable ; Inapplicable ; Inapplicable ;
; mem_write_data[1]  ; Inapplicable ; Inapplicable ; Inapplicable ; Inapplicable ; Inapplicable ; Pass      ; Inapplicable ; Inapplicable ; Pass      ; Pass      ; Inapplicable ; Pass         ; Inapplicable ; Inapplicable ; Inapplicable ; Inapplicable ; Pass         ; Inapplicable ; Inapplicable ; Inapplicable ; Inapplicable ; Pass         ; Inapplicable ; Inapplicable ; Inapplicable ; Inapplicable ; Inapplicable ; Inapplicable ;
; mem_write_data[2]  ; Inapplicable ; Inapplicable ; Inapplicable ; Inapplicable ; Inapplicable ; Pass      ; Inapplicable ; Inapplicable ; Pass      ; Pass      ; Inapplicable ; Pass         ; Inapplicable ; Inapplicable ; Inapplicable ; Inapplicable ; Pass         ; Inapplicable ; Inapplicable ; Inapplicable ; Inapplicable ; Pass         ; Inapplicable ; Inapplicable ; Inapplicable ; Inapplicable ; Inapplicable ; Inapplicable ;
; mem_write_data[3]  ; Inapplicable ; Inapplicable ; Inapplicable ; Inapplicable ; Inapplicable ; Pass      ; Inapplicable ; Inapplicable ; Pass      ; Pass      ; Inapplicable ; Pass         ; Inapplicable ; Inapplicable ; Inapplicable ; Inapplicable ; Pass         ; Inapplicable ; Inapplicable ; Inapplicable ; Inapplicable ; Pass         ; Inapplicable ; Inapplicable ; Inapplicable ; Inapplicable ; Inapplicable ; Inapplicable ;
; mem_write_data[4]  ; Inapplicable ; Inapplicable ; Inapplicable ; Inapplicable ; Inapplicable ; Pass      ; Inapplicable ; Inapplicable ; Pass      ; Pass      ; Inapplicable ; Pass         ; Inapplicable ; Inapplicable ; Inapplicable ; Inapplicable ; Pass         ; Inapplicable ; Inapplicable ; Inapplicable ; Inapplicable ; Pass         ; Inapplicable ; Inapplicable ; Inapplicable ; Inapplicable ; Inapplicable ; Inapplicable ;
; mem_write_data[5]  ; Inapplicable ; Inapplicable ; Inapplicable ; Inapplicable ; Inapplicable ; Pass      ; Inapplicable ; Inapplicable ; Pass      ; Pass      ; Inapplicable ; Pass         ; Inapplicable ; Inapplicable ; Inapplicable ; Inapplicable ; Pass         ; Inapplicable ; Inapplicable ; Inapplicable ; Inapplicable ; Pass         ; Inapplicable ; Inapplicable ; Inapplicable ; Inapplicable ; Inapplicable ; Inapplicable ;
; mem_write_data[6]  ; Inapplicable ; Inapplicable ; Inapplicable ; Inapplicable ; Inapplicable ; Pass      ; Inapplicable ; Inapplicable ; Pass      ; Pass      ; Inapplicable ; Pass         ; Inapplicable ; Inapplicable ; Inapplicable ; Inapplicable ; Pass         ; Inapplicable ; Inapplicable ; Inapplicable ; Inapplicable ; Pass         ; Inapplicable ; Inapplicable ; Inapplicable ; Inapplicable ; Inapplicable ; Inapplicable ;
; mem_write_data[7]  ; Inapplicable ; Inapplicable ; Inapplicable ; Inapplicable ; Inapplicable ; Pass      ; Inapplicable ; Inapplicable ; Pass      ; Pass      ; Inapplicable ; Pass         ; Inapplicable ; Inapplicable ; Inapplicable ; Inapplicable ; Pass         ; Inapplicable ; Inapplicable ; Inapplicable ; Inapplicable ; Pass         ; Inapplicable ; Inapplicable ; Inapplicable ; Inapplicable ; Inapplicable ; Inapplicable ;
; mem_write_data[8]  ; Inapplicable ; Inapplicable ; Inapplicable ; Inapplicable ; Inapplicable ; Pass      ; Inapplicable ; Inapplicable ; Pass      ; Pass      ; Inapplicable ; Pass         ; Inapplicable ; Inapplicable ; Inapplicable ; Inapplicable ; Pass         ; Inapplicable ; Inapplicable ; Inapplicable ; Inapplicable ; Pass         ; Inapplicable ; Inapplicable ; Inapplicable ; Inapplicable ; Inapplicable ; Inapplicable ;
; mem_write_data[9]  ; Inapplicable ; Inapplicable ; Inapplicable ; Inapplicable ; Inapplicable ; Pass      ; Inapplicable ; Inapplicable ; Pass      ; Pass      ; Inapplicable ; Pass         ; Inapplicable ; Inapplicable ; Inapplicable ; Inapplicable ; Pass         ; Inapplicable ; Inapplicable ; Inapplicable ; Inapplicable ; Pass         ; Inapplicable ; Inapplicable ; Inapplicable ; Inapplicable ; Inapplicable ; Inapplicable ;
; mem_write_data[10] ; Inapplicable ; Inapplicable ; Inapplicable ; Inapplicable ; Inapplicable ; Pass      ; Inapplicable ; Inapplicable ; Pass      ; Pass      ; Inapplicable ; Pass         ; Inapplicable ; Inapplicable ; Inapplicable ; Inapplicable ; Pass         ; Inapplicable ; Inapplicable ; Inapplicable ; Inapplicable ; Pass         ; Inapplicable ; Inapplicable ; Inapplicable ; Inapplicable ; Inapplicable ; Inapplicable ;
; mem_write_data[11] ; Inapplicable ; Inapplicable ; Inapplicable ; Inapplicable ; Inapplicable ; Pass      ; Inapplicable ; Inapplicable ; Pass      ; Pass      ; Inapplicable ; Pass         ; Inapplicable ; Inapplicable ; Inapplicable ; Inapplicable ; Pass         ; Inapplicable ; Inapplicable ; Inapplicable ; Inapplicable ; Pass         ; Inapplicable ; Inapplicable ; Inapplicable ; Inapplicable ; Inapplicable ; Inapplicable ;
; mem_write_data[12] ; Inapplicable ; Inapplicable ; Inapplicable ; Inapplicable ; Inapplicable ; Pass      ; Inapplicable ; Inapplicable ; Pass      ; Pass      ; Inapplicable ; Pass         ; Inapplicable ; Inapplicable ; Inapplicable ; Inapplicable ; Pass         ; Inapplicable ; Inapplicable ; Inapplicable ; Inapplicable ; Pass         ; Inapplicable ; Inapplicable ; Inapplicable ; Inapplicable ; Inapplicable ; Inapplicable ;
; mem_write_data[13] ; Inapplicable ; Inapplicable ; Inapplicable ; Inapplicable ; Inapplicable ; Pass      ; Inapplicable ; Inapplicable ; Pass      ; Pass      ; Inapplicable ; Pass         ; Inapplicable ; Inapplicable ; Inapplicable ; Inapplicable ; Pass         ; Inapplicable ; Inapplicable ; Inapplicable ; Inapplicable ; Pass         ; Inapplicable ; Inapplicable ; Inapplicable ; Inapplicable ; Inapplicable ; Inapplicable ;
; mem_write_data[14] ; Inapplicable ; Inapplicable ; Inapplicable ; Inapplicable ; Inapplicable ; Pass      ; Inapplicable ; Inapplicable ; Pass      ; Pass      ; Inapplicable ; Pass         ; Inapplicable ; Inapplicable ; Inapplicable ; Inapplicable ; Pass         ; Inapplicable ; Inapplicable ; Inapplicable ; Inapplicable ; Pass         ; Inapplicable ; Inapplicable ; Inapplicable ; Inapplicable ; Inapplicable ; Inapplicable ;
; mem_write_data[15] ; Inapplicable ; Inapplicable ; Inapplicable ; Inapplicable ; Inapplicable ; Pass      ; Inapplicable ; Inapplicable ; Pass      ; Pass      ; Inapplicable ; Pass         ; Inapplicable ; Inapplicable ; Inapplicable ; Inapplicable ; Pass         ; Inapplicable ; Inapplicable ; Inapplicable ; Inapplicable ; Pass         ; Inapplicable ; Inapplicable ; Inapplicable ; Inapplicable ; Inapplicable ; Inapplicable ;
; mem_write_data[16] ; Inapplicable ; Inapplicable ; Inapplicable ; Inapplicable ; Inapplicable ; Pass      ; Inapplicable ; Inapplicable ; Pass      ; Pass      ; Inapplicable ; Pass         ; Inapplicable ; Inapplicable ; Inapplicable ; Inapplicable ; Pass         ; Inapplicable ; Inapplicable ; Inapplicable ; Inapplicable ; Pass         ; Inapplicable ; Inapplicable ; Inapplicable ; Inapplicable ; Inapplicable ; Inapplicable ;
; mem_write_data[17] ; Inapplicable ; Inapplicable ; Inapplicable ; Inapplicable ; Inapplicable ; Pass      ; Inapplicable ; Inapplicable ; Pass      ; Pass      ; Inapplicable ; Pass         ; Inapplicable ; Inapplicable ; Inapplicable ; Inapplicable ; Pass         ; Inapplicable ; Inapplicable ; Inapplicable ; Inapplicable ; Pass         ; Inapplicable ; Inapplicable ; Inapplicable ; Inapplicable ; Inapplicable ; Inapplicable ;
; mem_write_data[18] ; Inapplicable ; Inapplicable ; Inapplicable ; Inapplicable ; Inapplicable ; Pass      ; Inapplicable ; Inapplicable ; Pass      ; Pass      ; Inapplicable ; Pass         ; Inapplicable ; Inapplicable ; Inapplicable ; Inapplicable ; Pass         ; Inapplicable ; Inapplicable ; Inapplicable ; Inapplicable ; Pass         ; Inapplicable ; Inapplicable ; Inapplicable ; Inapplicable ; Inapplicable ; Inapplicable ;
; mem_write_data[19] ; Inapplicable ; Inapplicable ; Inapplicable ; Inapplicable ; Inapplicable ; Pass      ; Inapplicable ; Inapplicable ; Pass      ; Pass      ; Inapplicable ; Pass         ; Inapplicable ; Inapplicable ; Inapplicable ; Inapplicable ; Pass         ; Inapplicable ; Inapplicable ; Inapplicable ; Inapplicable ; Pass         ; Inapplicable ; Inapplicable ; Inapplicable ; Inapplicable ; Inapplicable ; Inapplicable ;
; mem_write_data[20] ; Inapplicable ; Inapplicable ; Inapplicable ; Inapplicable ; Inapplicable ; Pass      ; Inapplicable ; Inapplicable ; Pass      ; Pass      ; Inapplicable ; Pass         ; Inapplicable ; Inapplicable ; Inapplicable ; Inapplicable ; Pass         ; Inapplicable ; Inapplicable ; Inapplicable ; Inapplicable ; Pass         ; Inapplicable ; Inapplicable ; Inapplicable ; Inapplicable ; Inapplicable ; Inapplicable ;
; mem_write_data[21] ; Inapplicable ; Inapplicable ; Inapplicable ; Inapplicable ; Inapplicable ; Pass      ; Inapplicable ; Inapplicable ; Pass      ; Pass      ; Inapplicable ; Pass         ; Inapplicable ; Inapplicable ; Inapplicable ; Inapplicable ; Pass         ; Inapplicable ; Inapplicable ; Inapplicable ; Inapplicable ; Pass         ; Inapplicable ; Inapplicable ; Inapplicable ; Inapplicable ; Inapplicable ; Inapplicable ;
; mem_write_data[22] ; Inapplicable ; Inapplicable ; Inapplicable ; Inapplicable ; Inapplicable ; Pass      ; Inapplicable ; Inapplicable ; Pass      ; Pass      ; Inapplicable ; Pass         ; Inapplicable ; Inapplicable ; Inapplicable ; Inapplicable ; Pass         ; Inapplicable ; Inapplicable ; Inapplicable ; Inapplicable ; Pass         ; Inapplicable ; Inapplicable ; Inapplicable ; Inapplicable ; Inapplicable ; Inapplicable ;
; mem_write_data[23] ; Inapplicable ; Inapplicable ; Inapplicable ; Inapplicable ; Inapplicable ; Pass      ; Inapplicable ; Inapplicable ; Pass      ; Pass      ; Inapplicable ; Pass         ; Inapplicable ; Inapplicable ; Inapplicable ; Inapplicable ; Pass         ; Inapplicable ; Inapplicable ; Inapplicable ; Inapplicable ; Pass         ; Inapplicable ; Inapplicable ; Inapplicable ; Inapplicable ; Inapplicable ; Inapplicable ;
; mem_write_data[24] ; Inapplicable ; Inapplicable ; Inapplicable ; Inapplicable ; Inapplicable ; Pass      ; Inapplicable ; Inapplicable ; Pass      ; Pass      ; Inapplicable ; Pass         ; Inapplicable ; Inapplicable ; Inapplicable ; Inapplicable ; Pass         ; Inapplicable ; Inapplicable ; Inapplicable ; Inapplicable ; Pass         ; Inapplicable ; Inapplicable ; Inapplicable ; Inapplicable ; Inapplicable ; Inapplicable ;
; mem_write_data[25] ; Inapplicable ; Inapplicable ; Inapplicable ; Inapplicable ; Inapplicable ; Pass      ; Inapplicable ; Inapplicable ; Pass      ; Pass      ; Inapplicable ; Pass         ; Inapplicable ; Inapplicable ; Inapplicable ; Inapplicable ; Pass         ; Inapplicable ; Inapplicable ; Inapplicable ; Inapplicable ; Pass         ; Inapplicable ; Inapplicable ; Inapplicable ; Inapplicable ; Inapplicable ; Inapplicable ;
; mem_write_data[26] ; Inapplicable ; Inapplicable ; Inapplicable ; Inapplicable ; Inapplicable ; Pass      ; Inapplicable ; Inapplicable ; Pass      ; Pass      ; Inapplicable ; Pass         ; Inapplicable ; Inapplicable ; Inapplicable ; Inapplicable ; Pass         ; Inapplicable ; Inapplicable ; Inapplicable ; Inapplicable ; Pass         ; Inapplicable ; Inapplicable ; Inapplicable ; Inapplicable ; Inapplicable ; Inapplicable ;
; mem_write_data[27] ; Inapplicable ; Inapplicable ; Inapplicable ; Inapplicable ; Inapplicable ; Pass      ; Inapplicable ; Inapplicable ; Pass      ; Pass      ; Inapplicable ; Pass         ; Inapplicable ; Inapplicable ; Inapplicable ; Inapplicable ; Pass         ; Inapplicable ; Inapplicable ; Inapplicable ; Inapplicable ; Pass         ; Inapplicable ; Inapplicable ; Inapplicable ; Inapplicable ; Inapplicable ; Inapplicable ;
; mem_write_data[28] ; Inapplicable ; Inapplicable ; Inapplicable ; Inapplicable ; Inapplicable ; Pass      ; Inapplicable ; Inapplicable ; Pass      ; Pass      ; Inapplicable ; Pass         ; Inapplicable ; Inapplicable ; Inapplicable ; Inapplicable ; Pass         ; Inapplicable ; Inapplicable ; Inapplicable ; Inapplicable ; Pass         ; Inapplicable ; Inapplicable ; Inapplicable ; Inapplicable ; Inapplicable ; Inapplicable ;
; mem_write_data[29] ; Inapplicable ; Inapplicable ; Inapplicable ; Inapplicable ; Inapplicable ; Pass      ; Inapplicable ; Inapplicable ; Pass      ; Pass      ; Inapplicable ; Pass         ; Inapplicable ; Inapplicable ; Inapplicable ; Inapplicable ; Pass         ; Inapplicable ; Inapplicable ; Inapplicable ; Inapplicable ; Pass         ; Inapplicable ; Inapplicable ; Inapplicable ; Inapplicable ; Inapplicable ; Inapplicable ;
; mem_write_data[30] ; Inapplicable ; Inapplicable ; Inapplicable ; Inapplicable ; Inapplicable ; Pass      ; Inapplicable ; Inapplicable ; Pass      ; Pass      ; Inapplicable ; Pass         ; Inapplicable ; Inapplicable ; Inapplicable ; Inapplicable ; Pass         ; Inapplicable ; Inapplicable ; Inapplicable ; Inapplicable ; Pass         ; Inapplicable ; Inapplicable ; Inapplicable ; Inapplicable ; Inapplicable ; Inapplicable ;
; mem_write_data[31] ; Inapplicable ; Inapplicable ; Inapplicable ; Inapplicable ; Inapplicable ; Pass      ; Inapplicable ; Inapplicable ; Pass      ; Pass      ; Inapplicable ; Pass         ; Inapplicable ; Inapplicable ; Inapplicable ; Inapplicable ; Pass         ; Inapplicable ; Inapplicable ; Inapplicable ; Inapplicable ; Pass         ; Inapplicable ; Inapplicable ; Inapplicable ; Inapplicable ; Inapplicable ; Inapplicable ;
; clk                ; Inapplicable ; Inapplicable ; Inapplicable ; Inapplicable ; Inapplicable ; Pass      ; Inapplicable ; Inapplicable ; Pass      ; Pass      ; Inapplicable ; Inapplicable ; Inapplicable ; Inapplicable ; Inapplicable ; Inapplicable ; Inapplicable ; Inapplicable ; Inapplicable ; Inapplicable ; Inapplicable ; Inapplicable ; Inapplicable ; Inapplicable ; Inapplicable ; Inapplicable ; Inapplicable ; Inapplicable ;
; reset_n            ; Inapplicable ; Inapplicable ; Inapplicable ; Inapplicable ; Inapplicable ; Pass      ; Inapplicable ; Inapplicable ; Pass      ; Pass      ; Inapplicable ; Inapplicable ; Inapplicable ; Inapplicable ; Inapplicable ; Inapplicable ; Inapplicable ; Inapplicable ; Inapplicable ; Inapplicable ; Inapplicable ; Inapplicable ; Inapplicable ; Inapplicable ; Inapplicable ; Inapplicable ; Inapplicable ; Inapplicable ;
; start              ; Inapplicable ; Inapplicable ; Inapplicable ; Inapplicable ; Inapplicable ; Pass      ; Inapplicable ; Inapplicable ; Pass      ; Pass      ; Inapplicable ; Inapplicable ; Inapplicable ; Inapplicable ; Inapplicable ; Inapplicable ; Inapplicable ; Inapplicable ; Inapplicable ; Inapplicable ; Inapplicable ; Inapplicable ; Inapplicable ; Inapplicable ; Inapplicable ; Inapplicable ; Inapplicable ; Inapplicable ;
; message_addr[0]    ; Inapplicable ; Inapplicable ; Inapplicable ; Inapplicable ; Inapplicable ; Pass      ; Inapplicable ; Inapplicable ; Pass      ; Pass      ; Inapplicable ; Inapplicable ; Inapplicable ; Inapplicable ; Inapplicable ; Inapplicable ; Inapplicable ; Inapplicable ; Inapplicable ; Inapplicable ; Inapplicable ; Inapplicable ; Inapplicable ; Inapplicable ; Inapplicable ; Inapplicable ; Inapplicable ; Inapplicable ;
; output_addr[0]     ; Inapplicable ; Inapplicable ; Inapplicable ; Inapplicable ; Inapplicable ; Pass      ; Inapplicable ; Inapplicable ; Pass      ; Pass      ; Inapplicable ; Inapplicable ; Inapplicable ; Inapplicable ; Inapplicable ; Inapplicable ; Inapplicable ; Inapplicable ; Inapplicable ; Inapplicable ; Inapplicable ; Inapplicable ; Inapplicable ; Inapplicable ; Inapplicable ; Inapplicable ; Inapplicable ; Inapplicable ;
; message_addr[1]    ; Inapplicable ; Inapplicable ; Inapplicable ; Inapplicable ; Inapplicable ; Pass      ; Inapplicable ; Inapplicable ; Pass      ; Pass      ; Inapplicable ; Inapplicable ; Inapplicable ; Inapplicable ; Inapplicable ; Inapplicable ; Inapplicable ; Inapplicable ; Inapplicable ; Inapplicable ; Inapplicable ; Inapplicable ; Inapplicable ; Inapplicable ; Inapplicable ; Inapplicable ; Inapplicable ; Inapplicable ;
; output_addr[1]     ; Inapplicable ; Inapplicable ; Inapplicable ; Inapplicable ; Inapplicable ; Pass      ; Inapplicable ; Inapplicable ; Pass      ; Pass      ; Inapplicable ; Inapplicable ; Inapplicable ; Inapplicable ; Inapplicable ; Inapplicable ; Inapplicable ; Inapplicable ; Inapplicable ; Inapplicable ; Inapplicable ; Inapplicable ; Inapplicable ; Inapplicable ; Inapplicable ; Inapplicable ; Inapplicable ; Inapplicable ;
; message_addr[2]    ; Inapplicable ; Inapplicable ; Inapplicable ; Inapplicable ; Inapplicable ; Pass      ; Inapplicable ; Inapplicable ; Pass      ; Pass      ; Inapplicable ; Inapplicable ; Inapplicable ; Inapplicable ; Inapplicable ; Inapplicable ; Inapplicable ; Inapplicable ; Inapplicable ; Inapplicable ; Inapplicable ; Inapplicable ; Inapplicable ; Inapplicable ; Inapplicable ; Inapplicable ; Inapplicable ; Inapplicable ;
; output_addr[2]     ; Inapplicable ; Inapplicable ; Inapplicable ; Inapplicable ; Inapplicable ; Pass      ; Inapplicable ; Inapplicable ; Pass      ; Pass      ; Inapplicable ; Inapplicable ; Inapplicable ; Inapplicable ; Inapplicable ; Inapplicable ; Inapplicable ; Inapplicable ; Inapplicable ; Inapplicable ; Inapplicable ; Inapplicable ; Inapplicable ; Inapplicable ; Inapplicable ; Inapplicable ; Inapplicable ; Inapplicable ;
; message_addr[3]    ; Inapplicable ; Inapplicable ; Inapplicable ; Inapplicable ; Inapplicable ; Pass      ; Inapplicable ; Inapplicable ; Pass      ; Pass      ; Inapplicable ; Inapplicable ; Inapplicable ; Inapplicable ; Inapplicable ; Inapplicable ; Inapplicable ; Inapplicable ; Inapplicable ; Inapplicable ; Inapplicable ; Inapplicable ; Inapplicable ; Inapplicable ; Inapplicable ; Inapplicable ; Inapplicable ; Inapplicable ;
; output_addr[3]     ; Inapplicable ; Inapplicable ; Inapplicable ; Inapplicable ; Inapplicable ; Pass      ; Inapplicable ; Inapplicable ; Pass      ; Pass      ; Inapplicable ; Inapplicable ; Inapplicable ; Inapplicable ; Inapplicable ; Inapplicable ; Inapplicable ; Inapplicable ; Inapplicable ; Inapplicable ; Inapplicable ; Inapplicable ; Inapplicable ; Inapplicable ; Inapplicable ; Inapplicable ; Inapplicable ; Inapplicable ;
; message_addr[4]    ; Inapplicable ; Inapplicable ; Inapplicable ; Inapplicable ; Inapplicable ; Pass      ; Inapplicable ; Inapplicable ; Pass      ; Pass      ; Inapplicable ; Inapplicable ; Inapplicable ; Inapplicable ; Inapplicable ; Inapplicable ; Inapplicable ; Inapplicable ; Inapplicable ; Inapplicable ; Inapplicable ; Inapplicable ; Inapplicable ; Inapplicable ; Inapplicable ; Inapplicable ; Inapplicable ; Inapplicable ;
; output_addr[4]     ; Inapplicable ; Inapplicable ; Inapplicable ; Inapplicable ; Inapplicable ; Pass      ; Inapplicable ; Inapplicable ; Pass      ; Pass      ; Inapplicable ; Inapplicable ; Inapplicable ; Inapplicable ; Inapplicable ; Inapplicable ; Inapplicable ; Inapplicable ; Inapplicable ; Inapplicable ; Inapplicable ; Inapplicable ; Inapplicable ; Inapplicable ; Inapplicable ; Inapplicable ; Inapplicable ; Inapplicable ;
; message_addr[5]    ; Inapplicable ; Inapplicable ; Inapplicable ; Inapplicable ; Inapplicable ; Pass      ; Inapplicable ; Inapplicable ; Pass      ; Pass      ; Inapplicable ; Inapplicable ; Inapplicable ; Inapplicable ; Inapplicable ; Inapplicable ; Inapplicable ; Inapplicable ; Inapplicable ; Inapplicable ; Inapplicable ; Inapplicable ; Inapplicable ; Inapplicable ; Inapplicable ; Inapplicable ; Inapplicable ; Inapplicable ;
; output_addr[5]     ; Inapplicable ; Inapplicable ; Inapplicable ; Inapplicable ; Inapplicable ; Pass      ; Inapplicable ; Inapplicable ; Pass      ; Pass      ; Inapplicable ; Inapplicable ; Inapplicable ; Inapplicable ; Inapplicable ; Inapplicable ; Inapplicable ; Inapplicable ; Inapplicable ; Inapplicable ; Inapplicable ; Inapplicable ; Inapplicable ; Inapplicable ; Inapplicable ; Inapplicable ; Inapplicable ; Inapplicable ;
; message_addr[6]    ; Inapplicable ; Inapplicable ; Inapplicable ; Inapplicable ; Inapplicable ; Pass      ; Inapplicable ; Inapplicable ; Pass      ; Pass      ; Inapplicable ; Inapplicable ; Inapplicable ; Inapplicable ; Inapplicable ; Inapplicable ; Inapplicable ; Inapplicable ; Inapplicable ; Inapplicable ; Inapplicable ; Inapplicable ; Inapplicable ; Inapplicable ; Inapplicable ; Inapplicable ; Inapplicable ; Inapplicable ;
; output_addr[6]     ; Inapplicable ; Inapplicable ; Inapplicable ; Inapplicable ; Inapplicable ; Pass      ; Inapplicable ; Inapplicable ; Pass      ; Pass      ; Inapplicable ; Inapplicable ; Inapplicable ; Inapplicable ; Inapplicable ; Inapplicable ; Inapplicable ; Inapplicable ; Inapplicable ; Inapplicable ; Inapplicable ; Inapplicable ; Inapplicable ; Inapplicable ; Inapplicable ; Inapplicable ; Inapplicable ; Inapplicable ;
; message_addr[7]    ; Inapplicable ; Inapplicable ; Inapplicable ; Inapplicable ; Inapplicable ; Pass      ; Inapplicable ; Inapplicable ; Pass      ; Pass      ; Inapplicable ; Inapplicable ; Inapplicable ; Inapplicable ; Inapplicable ; Inapplicable ; Inapplicable ; Inapplicable ; Inapplicable ; Inapplicable ; Inapplicable ; Inapplicable ; Inapplicable ; Inapplicable ; Inapplicable ; Inapplicable ; Inapplicable ; Inapplicable ;
; output_addr[7]     ; Inapplicable ; Inapplicable ; Inapplicable ; Inapplicable ; Inapplicable ; Pass      ; Inapplicable ; Inapplicable ; Pass      ; Pass      ; Inapplicable ; Inapplicable ; Inapplicable ; Inapplicable ; Inapplicable ; Inapplicable ; Inapplicable ; Inapplicable ; Inapplicable ; Inapplicable ; Inapplicable ; Inapplicable ; Inapplicable ; Inapplicable ; Inapplicable ; Inapplicable ; Inapplicable ; Inapplicable ;
; message_addr[8]    ; Inapplicable ; Inapplicable ; Inapplicable ; Inapplicable ; Inapplicable ; Pass      ; Inapplicable ; Inapplicable ; Pass      ; Pass      ; Inapplicable ; Inapplicable ; Inapplicable ; Inapplicable ; Inapplicable ; Inapplicable ; Inapplicable ; Inapplicable ; Inapplicable ; Inapplicable ; Inapplicable ; Inapplicable ; Inapplicable ; Inapplicable ; Inapplicable ; Inapplicable ; Inapplicable ; Inapplicable ;
; output_addr[8]     ; Inapplicable ; Inapplicable ; Inapplicable ; Inapplicable ; Inapplicable ; Pass      ; Inapplicable ; Inapplicable ; Pass      ; Pass      ; Inapplicable ; Inapplicable ; Inapplicable ; Inapplicable ; Inapplicable ; Inapplicable ; Inapplicable ; Inapplicable ; Inapplicable ; Inapplicable ; Inapplicable ; Inapplicable ; Inapplicable ; Inapplicable ; Inapplicable ; Inapplicable ; Inapplicable ; Inapplicable ;
; message_addr[9]    ; Inapplicable ; Inapplicable ; Inapplicable ; Inapplicable ; Inapplicable ; Pass      ; Inapplicable ; Inapplicable ; Pass      ; Pass      ; Inapplicable ; Inapplicable ; Inapplicable ; Inapplicable ; Inapplicable ; Inapplicable ; Inapplicable ; Inapplicable ; Inapplicable ; Inapplicable ; Inapplicable ; Inapplicable ; Inapplicable ; Inapplicable ; Inapplicable ; Inapplicable ; Inapplicable ; Inapplicable ;
; output_addr[9]     ; Inapplicable ; Inapplicable ; Inapplicable ; Inapplicable ; Inapplicable ; Pass      ; Inapplicable ; Inapplicable ; Pass      ; Pass      ; Inapplicable ; Inapplicable ; Inapplicable ; Inapplicable ; Inapplicable ; Inapplicable ; Inapplicable ; Inapplicable ; Inapplicable ; Inapplicable ; Inapplicable ; Inapplicable ; Inapplicable ; Inapplicable ; Inapplicable ; Inapplicable ; Inapplicable ; Inapplicable ;
; message_addr[10]   ; Inapplicable ; Inapplicable ; Inapplicable ; Inapplicable ; Inapplicable ; Pass      ; Inapplicable ; Inapplicable ; Pass      ; Pass      ; Inapplicable ; Inapplicable ; Inapplicable ; Inapplicable ; Inapplicable ; Inapplicable ; Inapplicable ; Inapplicable ; Inapplicable ; Inapplicable ; Inapplicable ; Inapplicable ; Inapplicable ; Inapplicable ; Inapplicable ; Inapplicable ; Inapplicable ; Inapplicable ;
; output_addr[10]    ; Inapplicable ; Inapplicable ; Inapplicable ; Inapplicable ; Inapplicable ; Pass      ; Inapplicable ; Inapplicable ; Pass      ; Pass      ; Inapplicable ; Inapplicable ; Inapplicable ; Inapplicable ; Inapplicable ; Inapplicable ; Inapplicable ; Inapplicable ; Inapplicable ; Inapplicable ; Inapplicable ; Inapplicable ; Inapplicable ; Inapplicable ; Inapplicable ; Inapplicable ; Inapplicable ; Inapplicable ;
; message_addr[11]   ; Inapplicable ; Inapplicable ; Inapplicable ; Inapplicable ; Inapplicable ; Pass      ; Inapplicable ; Inapplicable ; Pass      ; Pass      ; Inapplicable ; Inapplicable ; Inapplicable ; Inapplicable ; Inapplicable ; Inapplicable ; Inapplicable ; Inapplicable ; Inapplicable ; Inapplicable ; Inapplicable ; Inapplicable ; Inapplicable ; Inapplicable ; Inapplicable ; Inapplicable ; Inapplicable ; Inapplicable ;
; output_addr[11]    ; Inapplicable ; Inapplicable ; Inapplicable ; Inapplicable ; Inapplicable ; Pass      ; Inapplicable ; Inapplicable ; Pass      ; Pass      ; Inapplicable ; Inapplicable ; Inapplicable ; Inapplicable ; Inapplicable ; Inapplicable ; Inapplicable ; Inapplicable ; Inapplicable ; Inapplicable ; Inapplicable ; Inapplicable ; Inapplicable ; Inapplicable ; Inapplicable ; Inapplicable ; Inapplicable ; Inapplicable ;
; message_addr[12]   ; Inapplicable ; Inapplicable ; Inapplicable ; Inapplicable ; Inapplicable ; Pass      ; Inapplicable ; Inapplicable ; Pass      ; Pass      ; Inapplicable ; Inapplicable ; Inapplicable ; Inapplicable ; Inapplicable ; Inapplicable ; Inapplicable ; Inapplicable ; Inapplicable ; Inapplicable ; Inapplicable ; Inapplicable ; Inapplicable ; Inapplicable ; Inapplicable ; Inapplicable ; Inapplicable ; Inapplicable ;
; output_addr[12]    ; Inapplicable ; Inapplicable ; Inapplicable ; Inapplicable ; Inapplicable ; Pass      ; Inapplicable ; Inapplicable ; Pass      ; Pass      ; Inapplicable ; Inapplicable ; Inapplicable ; Inapplicable ; Inapplicable ; Inapplicable ; Inapplicable ; Inapplicable ; Inapplicable ; Inapplicable ; Inapplicable ; Inapplicable ; Inapplicable ; Inapplicable ; Inapplicable ; Inapplicable ; Inapplicable ; Inapplicable ;
; message_addr[13]   ; Inapplicable ; Inapplicable ; Inapplicable ; Inapplicable ; Inapplicable ; Pass      ; Inapplicable ; Inapplicable ; Pass      ; Pass      ; Inapplicable ; Inapplicable ; Inapplicable ; Inapplicable ; Inapplicable ; Inapplicable ; Inapplicable ; Inapplicable ; Inapplicable ; Inapplicable ; Inapplicable ; Inapplicable ; Inapplicable ; Inapplicable ; Inapplicable ; Inapplicable ; Inapplicable ; Inapplicable ;
; output_addr[13]    ; Inapplicable ; Inapplicable ; Inapplicable ; Inapplicable ; Inapplicable ; Pass      ; Inapplicable ; Inapplicable ; Pass      ; Pass      ; Inapplicable ; Inapplicable ; Inapplicable ; Inapplicable ; Inapplicable ; Inapplicable ; Inapplicable ; Inapplicable ; Inapplicable ; Inapplicable ; Inapplicable ; Inapplicable ; Inapplicable ; Inapplicable ; Inapplicable ; Inapplicable ; Inapplicable ; Inapplicable ;
; message_addr[14]   ; Inapplicable ; Inapplicable ; Inapplicable ; Inapplicable ; Inapplicable ; Pass      ; Inapplicable ; Inapplicable ; Pass      ; Pass      ; Inapplicable ; Inapplicable ; Inapplicable ; Inapplicable ; Inapplicable ; Inapplicable ; Inapplicable ; Inapplicable ; Inapplicable ; Inapplicable ; Inapplicable ; Inapplicable ; Inapplicable ; Inapplicable ; Inapplicable ; Inapplicable ; Inapplicable ; Inapplicable ;
; output_addr[14]    ; Inapplicable ; Inapplicable ; Inapplicable ; Inapplicable ; Inapplicable ; Pass      ; Inapplicable ; Inapplicable ; Pass      ; Pass      ; Inapplicable ; Inapplicable ; Inapplicable ; Inapplicable ; Inapplicable ; Inapplicable ; Inapplicable ; Inapplicable ; Inapplicable ; Inapplicable ; Inapplicable ; Inapplicable ; Inapplicable ; Inapplicable ; Inapplicable ; Inapplicable ; Inapplicable ; Inapplicable ;
; message_addr[15]   ; Inapplicable ; Inapplicable ; Inapplicable ; Inapplicable ; Inapplicable ; Pass      ; Inapplicable ; Inapplicable ; Pass      ; Pass      ; Inapplicable ; Inapplicable ; Inapplicable ; Inapplicable ; Inapplicable ; Inapplicable ; Inapplicable ; Inapplicable ; Inapplicable ; Inapplicable ; Inapplicable ; Inapplicable ; Inapplicable ; Inapplicable ; Inapplicable ; Inapplicable ; Inapplicable ; Inapplicable ;
; output_addr[15]    ; Inapplicable ; Inapplicable ; Inapplicable ; Inapplicable ; Inapplicable ; Pass      ; Inapplicable ; Inapplicable ; Pass      ; Pass      ; Inapplicable ; Inapplicable ; Inapplicable ; Inapplicable ; Inapplicable ; Inapplicable ; Inapplicable ; Inapplicable ; Inapplicable ; Inapplicable ; Inapplicable ; Inapplicable ; Inapplicable ; Inapplicable ; Inapplicable ; Inapplicable ; Inapplicable ; Inapplicable ;
; mem_read_data[0]   ; Inapplicable ; Inapplicable ; Inapplicable ; Inapplicable ; Inapplicable ; Pass      ; Inapplicable ; Inapplicable ; Pass      ; Pass      ; Inapplicable ; Inapplicable ; Inapplicable ; Inapplicable ; Inapplicable ; Inapplicable ; Inapplicable ; Inapplicable ; Inapplicable ; Inapplicable ; Inapplicable ; Inapplicable ; Inapplicable ; Inapplicable ; Inapplicable ; Inapplicable ; Inapplicable ; Inapplicable ;
; mem_read_data[1]   ; Inapplicable ; Inapplicable ; Inapplicable ; Inapplicable ; Inapplicable ; Pass      ; Inapplicable ; Inapplicable ; Pass      ; Pass      ; Inapplicable ; Inapplicable ; Inapplicable ; Inapplicable ; Inapplicable ; Inapplicable ; Inapplicable ; Inapplicable ; Inapplicable ; Inapplicable ; Inapplicable ; Inapplicable ; Inapplicable ; Inapplicable ; Inapplicable ; Inapplicable ; Inapplicable ; Inapplicable ;
; mem_read_data[2]   ; Inapplicable ; Inapplicable ; Inapplicable ; Inapplicable ; Inapplicable ; Pass      ; Inapplicable ; Inapplicable ; Pass      ; Pass      ; Inapplicable ; Inapplicable ; Inapplicable ; Inapplicable ; Inapplicable ; Inapplicable ; Inapplicable ; Inapplicable ; Inapplicable ; Inapplicable ; Inapplicable ; Inapplicable ; Inapplicable ; Inapplicable ; Inapplicable ; Inapplicable ; Inapplicable ; Inapplicable ;
; mem_read_data[3]   ; Inapplicable ; Inapplicable ; Inapplicable ; Inapplicable ; Inapplicable ; Pass      ; Inapplicable ; Inapplicable ; Pass      ; Pass      ; Inapplicable ; Inapplicable ; Inapplicable ; Inapplicable ; Inapplicable ; Inapplicable ; Inapplicable ; Inapplicable ; Inapplicable ; Inapplicable ; Inapplicable ; Inapplicable ; Inapplicable ; Inapplicable ; Inapplicable ; Inapplicable ; Inapplicable ; Inapplicable ;
; mem_read_data[4]   ; Inapplicable ; Inapplicable ; Inapplicable ; Inapplicable ; Inapplicable ; Pass      ; Inapplicable ; Inapplicable ; Pass      ; Pass      ; Inapplicable ; Inapplicable ; Inapplicable ; Inapplicable ; Inapplicable ; Inapplicable ; Inapplicable ; Inapplicable ; Inapplicable ; Inapplicable ; Inapplicable ; Inapplicable ; Inapplicable ; Inapplicable ; Inapplicable ; Inapplicable ; Inapplicable ; Inapplicable ;
; mem_read_data[5]   ; Inapplicable ; Inapplicable ; Inapplicable ; Inapplicable ; Inapplicable ; Pass      ; Inapplicable ; Inapplicable ; Pass      ; Pass      ; Inapplicable ; Inapplicable ; Inapplicable ; Inapplicable ; Inapplicable ; Inapplicable ; Inapplicable ; Inapplicable ; Inapplicable ; Inapplicable ; Inapplicable ; Inapplicable ; Inapplicable ; Inapplicable ; Inapplicable ; Inapplicable ; Inapplicable ; Inapplicable ;
; mem_read_data[6]   ; Inapplicable ; Inapplicable ; Inapplicable ; Inapplicable ; Inapplicable ; Pass      ; Inapplicable ; Inapplicable ; Pass      ; Pass      ; Inapplicable ; Inapplicable ; Inapplicable ; Inapplicable ; Inapplicable ; Inapplicable ; Inapplicable ; Inapplicable ; Inapplicable ; Inapplicable ; Inapplicable ; Inapplicable ; Inapplicable ; Inapplicable ; Inapplicable ; Inapplicable ; Inapplicable ; Inapplicable ;
; mem_read_data[7]   ; Inapplicable ; Inapplicable ; Inapplicable ; Inapplicable ; Inapplicable ; Pass      ; Inapplicable ; Inapplicable ; Pass      ; Pass      ; Inapplicable ; Inapplicable ; Inapplicable ; Inapplicable ; Inapplicable ; Inapplicable ; Inapplicable ; Inapplicable ; Inapplicable ; Inapplicable ; Inapplicable ; Inapplicable ; Inapplicable ; Inapplicable ; Inapplicable ; Inapplicable ; Inapplicable ; Inapplicable ;
; mem_read_data[8]   ; Inapplicable ; Inapplicable ; Inapplicable ; Inapplicable ; Inapplicable ; Pass      ; Inapplicable ; Inapplicable ; Pass      ; Pass      ; Inapplicable ; Inapplicable ; Inapplicable ; Inapplicable ; Inapplicable ; Inapplicable ; Inapplicable ; Inapplicable ; Inapplicable ; Inapplicable ; Inapplicable ; Inapplicable ; Inapplicable ; Inapplicable ; Inapplicable ; Inapplicable ; Inapplicable ; Inapplicable ;
; mem_read_data[9]   ; Inapplicable ; Inapplicable ; Inapplicable ; Inapplicable ; Inapplicable ; Pass      ; Inapplicable ; Inapplicable ; Pass      ; Pass      ; Inapplicable ; Inapplicable ; Inapplicable ; Inapplicable ; Inapplicable ; Inapplicable ; Inapplicable ; Inapplicable ; Inapplicable ; Inapplicable ; Inapplicable ; Inapplicable ; Inapplicable ; Inapplicable ; Inapplicable ; Inapplicable ; Inapplicable ; Inapplicable ;
; mem_read_data[10]  ; Inapplicable ; Inapplicable ; Inapplicable ; Inapplicable ; Inapplicable ; Pass      ; Inapplicable ; Inapplicable ; Pass      ; Pass      ; Inapplicable ; Inapplicable ; Inapplicable ; Inapplicable ; Inapplicable ; Inapplicable ; Inapplicable ; Inapplicable ; Inapplicable ; Inapplicable ; Inapplicable ; Inapplicable ; Inapplicable ; Inapplicable ; Inapplicable ; Inapplicable ; Inapplicable ; Inapplicable ;
; mem_read_data[11]  ; Inapplicable ; Inapplicable ; Inapplicable ; Inapplicable ; Inapplicable ; Pass      ; Inapplicable ; Inapplicable ; Pass      ; Pass      ; Inapplicable ; Inapplicable ; Inapplicable ; Inapplicable ; Inapplicable ; Inapplicable ; Inapplicable ; Inapplicable ; Inapplicable ; Inapplicable ; Inapplicable ; Inapplicable ; Inapplicable ; Inapplicable ; Inapplicable ; Inapplicable ; Inapplicable ; Inapplicable ;
; mem_read_data[12]  ; Inapplicable ; Inapplicable ; Inapplicable ; Inapplicable ; Inapplicable ; Pass      ; Inapplicable ; Inapplicable ; Pass      ; Pass      ; Inapplicable ; Inapplicable ; Inapplicable ; Inapplicable ; Inapplicable ; Inapplicable ; Inapplicable ; Inapplicable ; Inapplicable ; Inapplicable ; Inapplicable ; Inapplicable ; Inapplicable ; Inapplicable ; Inapplicable ; Inapplicable ; Inapplicable ; Inapplicable ;
; mem_read_data[13]  ; Inapplicable ; Inapplicable ; Inapplicable ; Inapplicable ; Inapplicable ; Pass      ; Inapplicable ; Inapplicable ; Pass      ; Pass      ; Inapplicable ; Inapplicable ; Inapplicable ; Inapplicable ; Inapplicable ; Inapplicable ; Inapplicable ; Inapplicable ; Inapplicable ; Inapplicable ; Inapplicable ; Inapplicable ; Inapplicable ; Inapplicable ; Inapplicable ; Inapplicable ; Inapplicable ; Inapplicable ;
; mem_read_data[14]  ; Inapplicable ; Inapplicable ; Inapplicable ; Inapplicable ; Inapplicable ; Pass      ; Inapplicable ; Inapplicable ; Pass      ; Pass      ; Inapplicable ; Inapplicable ; Inapplicable ; Inapplicable ; Inapplicable ; Inapplicable ; Inapplicable ; Inapplicable ; Inapplicable ; Inapplicable ; Inapplicable ; Inapplicable ; Inapplicable ; Inapplicable ; Inapplicable ; Inapplicable ; Inapplicable ; Inapplicable ;
; mem_read_data[15]  ; Inapplicable ; Inapplicable ; Inapplicable ; Inapplicable ; Inapplicable ; Pass      ; Inapplicable ; Inapplicable ; Pass      ; Pass      ; Inapplicable ; Inapplicable ; Inapplicable ; Inapplicable ; Inapplicable ; Inapplicable ; Inapplicable ; Inapplicable ; Inapplicable ; Inapplicable ; Inapplicable ; Inapplicable ; Inapplicable ; Inapplicable ; Inapplicable ; Inapplicable ; Inapplicable ; Inapplicable ;
; mem_read_data[16]  ; Inapplicable ; Inapplicable ; Inapplicable ; Inapplicable ; Inapplicable ; Pass      ; Inapplicable ; Inapplicable ; Pass      ; Pass      ; Inapplicable ; Inapplicable ; Inapplicable ; Inapplicable ; Inapplicable ; Inapplicable ; Inapplicable ; Inapplicable ; Inapplicable ; Inapplicable ; Inapplicable ; Inapplicable ; Inapplicable ; Inapplicable ; Inapplicable ; Inapplicable ; Inapplicable ; Inapplicable ;
; mem_read_data[17]  ; Inapplicable ; Inapplicable ; Inapplicable ; Inapplicable ; Inapplicable ; Pass      ; Inapplicable ; Inapplicable ; Pass      ; Pass      ; Inapplicable ; Inapplicable ; Inapplicable ; Inapplicable ; Inapplicable ; Inapplicable ; Inapplicable ; Inapplicable ; Inapplicable ; Inapplicable ; Inapplicable ; Inapplicable ; Inapplicable ; Inapplicable ; Inapplicable ; Inapplicable ; Inapplicable ; Inapplicable ;
; mem_read_data[18]  ; Inapplicable ; Inapplicable ; Inapplicable ; Inapplicable ; Inapplicable ; Pass      ; Inapplicable ; Inapplicable ; Pass      ; Pass      ; Inapplicable ; Inapplicable ; Inapplicable ; Inapplicable ; Inapplicable ; Inapplicable ; Inapplicable ; Inapplicable ; Inapplicable ; Inapplicable ; Inapplicable ; Inapplicable ; Inapplicable ; Inapplicable ; Inapplicable ; Inapplicable ; Inapplicable ; Inapplicable ;
; mem_read_data[19]  ; Inapplicable ; Inapplicable ; Inapplicable ; Inapplicable ; Inapplicable ; Pass      ; Inapplicable ; Inapplicable ; Pass      ; Pass      ; Inapplicable ; Inapplicable ; Inapplicable ; Inapplicable ; Inapplicable ; Inapplicable ; Inapplicable ; Inapplicable ; Inapplicable ; Inapplicable ; Inapplicable ; Inapplicable ; Inapplicable ; Inapplicable ; Inapplicable ; Inapplicable ; Inapplicable ; Inapplicable ;
; mem_read_data[20]  ; Inapplicable ; Inapplicable ; Inapplicable ; Inapplicable ; Inapplicable ; Pass      ; Inapplicable ; Inapplicable ; Pass      ; Pass      ; Inapplicable ; Inapplicable ; Inapplicable ; Inapplicable ; Inapplicable ; Inapplicable ; Inapplicable ; Inapplicable ; Inapplicable ; Inapplicable ; Inapplicable ; Inapplicable ; Inapplicable ; Inapplicable ; Inapplicable ; Inapplicable ; Inapplicable ; Inapplicable ;
; mem_read_data[21]  ; Inapplicable ; Inapplicable ; Inapplicable ; Inapplicable ; Inapplicable ; Pass      ; Inapplicable ; Inapplicable ; Pass      ; Pass      ; Inapplicable ; Inapplicable ; Inapplicable ; Inapplicable ; Inapplicable ; Inapplicable ; Inapplicable ; Inapplicable ; Inapplicable ; Inapplicable ; Inapplicable ; Inapplicable ; Inapplicable ; Inapplicable ; Inapplicable ; Inapplicable ; Inapplicable ; Inapplicable ;
; mem_read_data[22]  ; Inapplicable ; Inapplicable ; Inapplicable ; Inapplicable ; Inapplicable ; Pass      ; Inapplicable ; Inapplicable ; Pass      ; Pass      ; Inapplicable ; Inapplicable ; Inapplicable ; Inapplicable ; Inapplicable ; Inapplicable ; Inapplicable ; Inapplicable ; Inapplicable ; Inapplicable ; Inapplicable ; Inapplicable ; Inapplicable ; Inapplicable ; Inapplicable ; Inapplicable ; Inapplicable ; Inapplicable ;
; mem_read_data[23]  ; Inapplicable ; Inapplicable ; Inapplicable ; Inapplicable ; Inapplicable ; Pass      ; Inapplicable ; Inapplicable ; Pass      ; Pass      ; Inapplicable ; Inapplicable ; Inapplicable ; Inapplicable ; Inapplicable ; Inapplicable ; Inapplicable ; Inapplicable ; Inapplicable ; Inapplicable ; Inapplicable ; Inapplicable ; Inapplicable ; Inapplicable ; Inapplicable ; Inapplicable ; Inapplicable ; Inapplicable ;
; mem_read_data[24]  ; Inapplicable ; Inapplicable ; Inapplicable ; Inapplicable ; Inapplicable ; Pass      ; Inapplicable ; Inapplicable ; Pass      ; Pass      ; Inapplicable ; Inapplicable ; Inapplicable ; Inapplicable ; Inapplicable ; Inapplicable ; Inapplicable ; Inapplicable ; Inapplicable ; Inapplicable ; Inapplicable ; Inapplicable ; Inapplicable ; Inapplicable ; Inapplicable ; Inapplicable ; Inapplicable ; Inapplicable ;
; mem_read_data[25]  ; Inapplicable ; Inapplicable ; Inapplicable ; Inapplicable ; Inapplicable ; Pass      ; Inapplicable ; Inapplicable ; Pass      ; Pass      ; Inapplicable ; Inapplicable ; Inapplicable ; Inapplicable ; Inapplicable ; Inapplicable ; Inapplicable ; Inapplicable ; Inapplicable ; Inapplicable ; Inapplicable ; Inapplicable ; Inapplicable ; Inapplicable ; Inapplicable ; Inapplicable ; Inapplicable ; Inapplicable ;
; mem_read_data[26]  ; Inapplicable ; Inapplicable ; Inapplicable ; Inapplicable ; Inapplicable ; Pass      ; Inapplicable ; Inapplicable ; Pass      ; Pass      ; Inapplicable ; Inapplicable ; Inapplicable ; Inapplicable ; Inapplicable ; Inapplicable ; Inapplicable ; Inapplicable ; Inapplicable ; Inapplicable ; Inapplicable ; Inapplicable ; Inapplicable ; Inapplicable ; Inapplicable ; Inapplicable ; Inapplicable ; Inapplicable ;
; mem_read_data[27]  ; Inapplicable ; Inapplicable ; Inapplicable ; Inapplicable ; Inapplicable ; Pass      ; Inapplicable ; Inapplicable ; Pass      ; Pass      ; Inapplicable ; Inapplicable ; Inapplicable ; Inapplicable ; Inapplicable ; Inapplicable ; Inapplicable ; Inapplicable ; Inapplicable ; Inapplicable ; Inapplicable ; Inapplicable ; Inapplicable ; Inapplicable ; Inapplicable ; Inapplicable ; Inapplicable ; Inapplicable ;
; mem_read_data[28]  ; Inapplicable ; Inapplicable ; Inapplicable ; Inapplicable ; Inapplicable ; Pass      ; Inapplicable ; Inapplicable ; Pass      ; Pass      ; Inapplicable ; Inapplicable ; Inapplicable ; Inapplicable ; Inapplicable ; Inapplicable ; Inapplicable ; Inapplicable ; Inapplicable ; Inapplicable ; Inapplicable ; Inapplicable ; Inapplicable ; Inapplicable ; Inapplicable ; Inapplicable ; Inapplicable ; Inapplicable ;
; mem_read_data[29]  ; Inapplicable ; Inapplicable ; Inapplicable ; Inapplicable ; Inapplicable ; Pass      ; Inapplicable ; Inapplicable ; Pass      ; Pass      ; Inapplicable ; Inapplicable ; Inapplicable ; Inapplicable ; Inapplicable ; Inapplicable ; Inapplicable ; Inapplicable ; Inapplicable ; Inapplicable ; Inapplicable ; Inapplicable ; Inapplicable ; Inapplicable ; Inapplicable ; Inapplicable ; Inapplicable ; Inapplicable ;
; mem_read_data[30]  ; Inapplicable ; Inapplicable ; Inapplicable ; Inapplicable ; Inapplicable ; Pass      ; Inapplicable ; Inapplicable ; Pass      ; Pass      ; Inapplicable ; Inapplicable ; Inapplicable ; Inapplicable ; Inapplicable ; Inapplicable ; Inapplicable ; Inapplicable ; Inapplicable ; Inapplicable ; Inapplicable ; Inapplicable ; Inapplicable ; Inapplicable ; Inapplicable ; Inapplicable ; Inapplicable ; Inapplicable ;
; mem_read_data[31]  ; Inapplicable ; Inapplicable ; Inapplicable ; Inapplicable ; Inapplicable ; Pass      ; Inapplicable ; Inapplicable ; Pass      ; Pass      ; Inapplicable ; Inapplicable ; Inapplicable ; Inapplicable ; Inapplicable ; Inapplicable ; Inapplicable ; Inapplicable ; Inapplicable ; Inapplicable ; Inapplicable ; Inapplicable ; Inapplicable ; Inapplicable ; Inapplicable ; Inapplicable ; Inapplicable ; Inapplicable ;
+--------------------+--------------+--------------+--------------+--------------+--------------+-----------+--------------+--------------+-----------+-----------+--------------+--------------+--------------+--------------+--------------+--------------+--------------+--------------+--------------+--------------+--------------+--------------+--------------+--------------+--------------+--------------+--------------+--------------+


+-----------------------------------------------------------------------------------------------+
; Fitter Device Options                                                                         ;
+------------------------------------------------------------------+----------------------------+
; Option                                                           ; Setting                    ;
+------------------------------------------------------------------+----------------------------+
; Enable user-supplied start-up clock (CLKUSR)                     ; Off                        ;
; Enable device-wide reset (DEV_CLRn)                              ; Off                        ;
; Enable device-wide output enable (DEV_OE)                        ; Off                        ;
; Enable INIT_DONE output                                          ; Off                        ;
; Configuration scheme                                             ; Passive Serial             ;
; Error detection CRC                                              ; Off                        ;
; Enable input tri-state on active configuration pins in user mode ; Off                        ;
; Active Serial clock source                                       ; 40 MHz Internal Oscillator ;
; Configuration Voltage Level                                      ; Auto                       ;
; Force Configuration Voltage Level                                ; Off                        ;
; nCEO                                                             ; As output driving ground   ;
; Data[7..1]                                                       ; Unreserved                 ;
; Base pin-out file on sameframe device                            ; Off                        ;
+------------------------------------------------------------------+----------------------------+


+------------------------------------+
; Operating Settings and Conditions  ;
+---------------------------+--------+
; Setting                   ; Value  ;
+---------------------------+--------+
; Nominal Core Voltage      ; 0.90 V ;
; Low Junction Temperature  ; -40 �C ;
; High Junction Temperature ; 100 �C ;
+---------------------------+--------+


+-----------------+
; Fitter Messages ;
+-----------------+
Warning (18236): Number of processors has not been specified which may cause overloading on shared machines.  Set the global assignment NUM_PARALLEL_PROCESSORS in your QSF to an appropriate value for best performance.
Info (20030): Parallel compilation is enabled and will use 2 of the 2 processors detected
Info (119006): Selected device EP2AGX45DF29I5 for design "bitcoin_hash"
Info (21077): Low junction temperature is -40 degrees C
Info (21077): High junction temperature is 100 degrees C
Info (171003): Fitter is performing an Auto Fit compilation, which may decrease Fitter effort to reduce compilation time
Warning (292013): Feature LogicLock is only available with a valid subscription license. You can purchase a software subscription to gain full access to this feature.
Info (176444): Device migration not selected. If you intend to use device migration later, you may need to change the pin assignments as they may be incompatible with other devices
    Info (176445): Device EP2AGX45DF29C5 is compatible
    Info (176445): Device EP2AGX65DF29C5 is compatible
    Info (176445): Device EP2AGX65DF29I5 is compatible
    Info (176445): Device EP2AGX95EF29C5 is compatible
    Info (176445): Device EP2AGX95EF29I5 is compatible
    Info (176445): Device EP2AGX125EF29C5 is compatible
    Info (176445): Device EP2AGX125EF29I5ES is compatible
    Info (176445): Device EP2AGX125EF29I5 is compatible
    Info (176445): Device EP2AGX125EF29C5ES is compatible
    Info (176445): Device EP2AGX190EF29C5 is compatible
    Info (176445): Device EP2AGX190EF29I5 is compatible
    Info (176445): Device EP2AGX260EF29C5 is compatible
    Info (176445): Device EP2AGX260EF29I5 is compatible
Info (169124): Fitter converted 1 user pins into dedicated programming pins
    Info (169125): Pin ~ALTERA_nCEO~ is reserved at location AB16
Warning (15714): Some pins have incomplete I/O assignments. Refer to the I/O Assignment Warnings report for details
Critical Warning (169085): No exact pin location assignment(s) for 118 pins of 118 total pins. For the list of pins please refer to the I/O Assignment Warnings table in the fitter report.
Critical Warning (332012): Synopsys Design Constraints File file not found: 'bitcoin_hash.sdc'. A Synopsys Design Constraints File is required by the Timing Analyzer to get proper timing constraints. Without it, the Compiler will not properly optimize the design.
Info (332144): No user constrained base clocks found in the design
Info (332143): No user constrained clock uncertainty found in the design. Calling "derive_clock_uncertainty"
Info (332154): The derive_clock_uncertainty command did not apply clock uncertainty to any clock-to-clock transfers.
Info (332130): Timing requirements not specified -- quality metrics such as performance may be sacrificed to reduce compilation time.
Info (176353): Automatically promoted node clk~input (placed in PIN AE15 (CLK6, DIFFCLK_0p)) File: H:/ECE 111/Final Project/Bitcoin_optimized/meit_bitcoin_hash_opt.sv Line: 1
    Info (176355): Automatically promoted destinations to use location or clock signal Global Clock CLKCTRL_G7
    Info (176356): Following destination nodes may be non-global or may not use global or regional clocks
        Info (176357): Destination node mem_clk~output File: H:/ECE 111/Final Project/Bitcoin_optimized/meit_bitcoin_hash_opt.sv Line: 3
Info (176353): Automatically promoted node reset_n~input (placed in PIN AF15 (CLK4, DIFFCLK_0n)) File: H:/ECE 111/Final Project/Bitcoin_optimized/meit_bitcoin_hash_opt.sv Line: 1
    Info (176355): Automatically promoted destinations to use location or clock signal Global Clock CLKCTRL_G6
    Info (176356): Following destination nodes may be non-global or may not use global or regional clocks
        Info (176357): Destination node mem_addr[0]~1 File: H:/ECE 111/Final Project/Bitcoin_optimized/meit_bitcoin_hash_opt.sv Line: 69
        Info (176357): Destination node mem_write_data[0]~1 File: H:/ECE 111/Final Project/Bitcoin_optimized/meit_bitcoin_hash_opt.sv Line: 69
        Info (176357): Destination node write_counter[4]~2 File: H:/ECE 111/Final Project/Bitcoin_optimized/meit_bitcoin_hash_opt.sv Line: 69
        Info (176357): Destination node write_counter[3]~3 File: H:/ECE 111/Final Project/Bitcoin_optimized/meit_bitcoin_hash_opt.sv Line: 69
        Info (176357): Destination node write_counter[2]~4 File: H:/ECE 111/Final Project/Bitcoin_optimized/meit_bitcoin_hash_opt.sv Line: 69
        Info (176357): Destination node write_counter[1]~5 File: H:/ECE 111/Final Project/Bitcoin_optimized/meit_bitcoin_hash_opt.sv Line: 69
        Info (176357): Destination node write_counter[0]~6 File: H:/ECE 111/Final Project/Bitcoin_optimized/meit_bitcoin_hash_opt.sv Line: 69
        Info (176357): Destination node block_read_counter[4]~0 File: H:/ECE 111/Final Project/Bitcoin_optimized/meit_bitcoin_hash_opt.sv Line: 69
        Info (176357): Destination node write_offset[0]~1 File: H:/ECE 111/Final Project/Bitcoin_optimized/meit_bitcoin_hash_opt.sv Line: 69
        Info (176357): Destination node bitcoin_sha:multiple_ph_3[0].inst_ph_3|h0_out[0]~0 File: H:/ECE 111/Final Project/Bitcoin_optimized/meit_bitcoin_sha_opt.sv Line: 93
        Info (176358): Non-global destination nodes limited to 10 nodes
Info (176233): Starting register packing
Info (176235): Finished register packing
    Extra Info (176219): No registers were packed into other blocks
Info (176214): Statistics of I/O pins that need to be placed that use the same VCCIO and VREF, before I/O pin placement
    Info (176211): Number of I/O pins in group: 116 (unused VREF, 2.5V VCCIO, 65 input, 51 output, 0 bidirectional)
        Info (176212): I/O standards used: 2.5 V.
Info (176215): I/O bank details before I/O pin placement
    Info (176214): Statistics of I/O banks
        Info (176213): I/O bank number QL1 does not use VREF pins and has undetermined VCCIO pins. 0 total pin(s) used --  0 pins available
        Info (176213): I/O bank number QL0 does not use VREF pins and has undetermined VCCIO pins. 0 total pin(s) used --  0 pins available
        Info (176213): I/O bank number 3C does not use VREF pins and has undetermined VCCIO pins. 0 total pin(s) used --  0 pins available
        Info (176213): I/O bank number 3A does not use VREF pins and has undetermined VCCIO pins. 3 total pin(s) used --  51 pins available
        Info (176213): I/O bank number 4A does not use VREF pins and has undetermined VCCIO pins. 0 total pin(s) used --  68 pins available
        Info (176213): I/O bank number 5A does not use VREF pins and has undetermined VCCIO pins. 0 total pin(s) used --  64 pins available
        Info (176213): I/O bank number 6A does not use VREF pins and has undetermined VCCIO pins. 0 total pin(s) used --  48 pins available
        Info (176213): I/O bank number 7A does not use VREF pins and has undetermined VCCIO pins. 0 total pin(s) used --  68 pins available
        Info (176213): I/O bank number 8A does not use VREF pins and has undetermined VCCIO pins. 0 total pin(s) used --  52 pins available
        Info (176213): I/O bank number 8C does not use VREF pins and has undetermined VCCIO pins. 0 total pin(s) used --  0 pins available
Info (171121): Fitter preparation operations ending: elapsed time is 00:00:18
Info (14896): Fitter has disabled Advanced Physical Optimization because it is not supported for the current family.
Info (170189): Fitter placement preparation operations beginning
Info (170190): Fitter placement preparation operations ending: elapsed time is 00:00:24
Info (170191): Fitter placement operations beginning
Info (170137): Fitter placement was successful
Info (170192): Fitter placement operations ending: elapsed time is 00:04:18
Info (170193): Fitter routing operations beginning
Info (170195): Router estimated average interconnect usage is 16% of the available device resources
    Info (170196): Router estimated peak interconnect usage is 41% of the available device resources in the region that extends from location X36_Y22 to location X47_Y33
Info (170199): The Fitter performed an Auto Fit compilation.  Optimizations were skipped to reduce compilation time.
    Info (170201): Optimizations that may affect the design's routability were skipped
Info (170194): Fitter routing operations ending: elapsed time is 00:00:55
Info (11888): Total time spent on timing analysis during the Fitter is 32.28 seconds.
Info (334003): Started post-fitting delay annotation
Info (334004): Delay annotation completed successfully
Info (334003): Started post-fitting delay annotation
Info (334004): Delay annotation completed successfully
Info (11218): Fitter post-fit operations ending: elapsed time is 00:00:15
Info (144001): Generated suppressed messages file H:/ECE 111/Final Project/Bitcoin_optimized/output_files/bitcoin_hash.fit.smsg
Info: Quartus Prime Fitter was successful. 0 errors, 5 warnings
    Info: Peak virtual memory: 5893 megabytes
    Info: Processing ended: Fri Sep 11 12:57:47 2026
    Info: Elapsed time: 00:07:41
    Info: Total CPU time (on all processors): 00:10:32


+----------------------------+
; Fitter Suppressed Messages ;
+----------------------------+
The suppressed messages can be found in H:/ECE 111/Final Project/Bitcoin_optimized/output_files/bitcoin_hash.fit.smsg.


